판매일,작품 ID,분류,작품명,작가명,레이블,회차 판매가 (원),총 사용 건수 (건),초기 무료 회차,에다무,광고보면 무료,신규 혜택 대여,유상 대여,소장,총 판매 건수 (건),광고보면 무료 판매금액 (원),광고보면 무료 운영 수수료 (원),소장 판매금액 (원),소장 운영 수수료 (원),대여 판매금액 (원),대여 운영 수수료 (원),판매 금액 합계 (원),운영 수수료 합계 (원),정산 금액 합계 (원)
2025-12-01,1419,웹소설,끝정,벚꽃그리고,플로린,100,3,3,0,0,0,0,0,0,0,0,0,0,0,0,0,0,0
2025-12-01,1541,웹소설,만져도 돼?,차가울(미캉),플로린,100,82,0,0,0,0,0,82,82,0,0,8200,2460,0,0,8200,2460,5740
2025-12-01,1569,웹소설,상사와 그런 사이,레이먼,래이니북스,100,2,2,0,0,0,0,0,0,0,0,0,0,0,0,0,0,0
2025-12-01,1635,웹소설,잘 키운 아이를 어쩌다 배신해 버렸다,차열매,리본,3000,3,0,0,0,0,0,3,3,0,0,9000,2700,0,0,9000,2700,6300
2025-12-01,1641,웹소설,전남편의 집착에서 벗어나기 위하여,박백구,리본,2700,4,0,0,0,0,0,4,4,0,0,10800,3240,0,0,10800,3240,7560
2025-12-01,1795,웹소설,아우토반 로맨스,표고밥,체셔,3300,4,0,0,0,0,0,4,4,0,0,13200,3960,0,0,13200,3960,9240
2025-12-01,2228,웹소설,술김에 황후가 되었습니다,거주자,사막여우,100,1,1,0,0,0,0,0,0,0,0,0,0,0,0,0,0,0
2025-12-01,2421,웹소설,폭군의 보호자는 악역 마녀입니다,블루라군,사막여우,100,151,0,0,0,1,0,150,150,0,0,15000,4500,0,0,15000,4500,10500
2025-12-01,2423,웹소설,베드 파트너,이로이,사막여우,100,2,2,0,0,0,0,0,0,0,0,0,0,0,0,0,0,0
2025-12-01,2515,웹소설,도원향,Magoing,시계토끼,100,106,1,0,0,0,0,105,105,0,0,10500,3150,0,0,10500,3150,7350
2025-12-01,2523,웹소설,무덤가 소나무 숲의 고양이,셀레네,시계토끼,100,2,1,0,0,0,0,1,1,0,0,100,30,0,0,100,30,70
2025-12-01,2535,웹소설,세이렌,강윤결,시계토끼,100,45,0,0,0,0,0,45,45,0,0,4500,1350,0,0,4500,1350,3150
2025-12-01,2577,웹소설,[BL] 손톱과 송곳니,사보,체셔,100,64,0,0,0,0,0,64,64,0,0,6400,1920,0,0,6400,1920,4480
2025-12-01,2643,웹소설,에피소드,유이세스,하트퀸,100,538,39,0,0,0,0,499,499,0,0,49900,14970,0,0,49900,14970,34930
2025-12-01,2658,웹소설,위험한 오빠 친구,타라,하트퀸,100,4,3,0,0,0,0,1,1,0,0,100,30,0,0,100,30,70
2025-12-01,2785,웹소설,공작 부인의 50가지 티 레시피,이지하,피오렛,100,21,0,0,0,0,0,21,21,0,0,2100,630,0,0,2100,630,1470
2025-12-01,3803,웹소설,비밀의 화원,유티아,M블루,100,132,0,0,0,0,0,132,132,0,0,13200,3960,0,0,13200,3960,9240
2025-12-01,3804,웹소설,BL 웹드라마의 남주가 되었다.,쪼꼬빔,M블루,100,1,0,0,0,0,0,1,1,0,0,100,30,0,0,100,30,70
2025-12-01,4756,웹소설,의천무제,수수림,마야마루출판사,100,6,6,0,0,0,0,0,0,0,0,0,0,0,0,0,0,0
2025-12-01,4764,웹소설,비바 투 비다!(viva tu vida!),한유담,M블루,100,147,0,0,0,0,0,147,147,0,0,14700,4410,0,0,14700,4410,10290
2025-12-01,4800,웹소설,찌질한 서브공이 되었습니다.,로보,M블루,100,9,3,0,0,0,0,6,6,0,0,600,180,0,0,600,180,420
2025-12-01,4801,웹소설,모노크롬 루머,치율,M블루,100,6,5,0,0,0,0,1,1,0,0,100,30,0,0,100,30,70
2025-12-01,4806,웹소설,죽은 황후는 노래한다,피고네,M블루,100,12,0,0,0,0,0,12,12,0,0,1200,360,0,0,1200,360,840
2025-12-01,6189,웹소설,오니,U채,야간비행,100,120,0,0,0,0,0,120,120,0,0,12000,3600,0,0,12000,3600,8400
2025-12-01,12084,웹소설,메디시스가의 오메가,코네꼬,야간비행,100,1,1,0,0,0,0,0,0,0,0,0,0,0,0,0,0,0
2025-12-01,16525,웹소설,무례한 것조차 섹시해,임은경,동행,100,1,1,0,0,0,0,0,0,0,0,0,0,0,0,0,0,0
2025-12-01,18617,웹소설,오빠가 해줄게,진숙,하트퀸,100,2,1,0,0,0,0,1,1,0,0,100,30,0,0,100,30,70
2025-12-01,19390,웹소설,[BL] 가면극,사유담,희우,100,155,1,0,0,0,0,154,154,0,0,15400,4620,0,0,15400,4620,10780
2025-12-01,19482,웹소설,[BL] 나를 노리는 옆집 남자,라도라따,브랜디,1000,1,0,0,0,0,0,1,1,0,0,1000,300,0,0,1000,300,700
2025-12-02,1399,웹소설,개쓰레기 공작이랑 누가 결혼해,박무하,리본,100,210,0,0,0,0,0,210,210,0,0,21000,6300,0,0,21000,6300,14700
2025-12-02,1419,웹소설,끝정,벚꽃그리고,플로린,100,1,1,0,0,0,0,0,0,0,0,0,0,0,0,0,0,0
2025-12-02,1541,웹소설,만져도 돼?,차가울(미캉),플로린,100,3,3,0,0,0,0,0,0,0,0,0,0,0,0,0,0,0
2025-12-02,1582,웹소설,스폰,Yulia,래이니북스,100,53,1,0,0,0,0,52,52,0,0,5200,1560,0,0,5200,1560,3640
2025-12-02,1596,웹소설,어차피 후회할 거였으면,주은린,리본,100,161,0,0,0,0,0,161,161,0,0,16100,4830,0,0,16100,4830,11270
2025-12-02,1667,웹소설,후회는 필요 없습니다,백이듬,리본,3000,5,0,0,0,0,0,5,5,0,0,15000,4500,0,0,15000,4500,10500
2025-12-02,1670,웹소설,"후회하라고, 유혹하지 말고",권찌,리본,100,138,0,0,0,0,0,138,138,0,0,13800,4140,0,0,13800,4140,9660
2025-12-02,2361,웹소설,여주 친구 인어입니다,한채유,피오렛,100,40,0,0,0,0,0,40,40,0,0,4000,1200,0,0,4000,1200,2800
2025-12-02,2401,웹소설,미친 마탑주의 비서를 그만두겠습니다,여흔,피오렛,100,5,5,0,0,0,0,0,0,0,0,0,0,0,0,0,0,0
2025-12-02,2420,웹소설,공작님과 이러면 안 되는 걸 알지만,채정연,사막여우,100,2,2,0,0,0,0,0,0,0,0,0,0,0,0,0,0,0
2025-12-02,2421,웹소설,폭군의 보호자는 악역 마녀입니다,블루라군,사막여우,100,153,0,0,0,0,0,153,153,0,0,15300,4590,0,0,15300,4590,10710
2025-12-02,2423,웹소설,베드 파트너,이로이,사막여우,100,1,1,0,0,0,0,0,0,0,0,0,0,0,0,0,0,0
2025-12-02,2578,웹소설,[BL] 아우토반 로맨스,표고밥,체셔,100,3,3,0,0,0,0,0,0,0,0,0,0,0,0,0,0,0
2025-12-02,2595,웹소설,하룻밤도 변호가 되나요?,몽시,,100,3,3,0,0,0,0,0,0,0,0,0,0,0,0,0,0,0
2025-12-02,2630,웹소설,부적절한 재회,신경희,하트퀸,100,1,1,0,0,0,0,0,0,0,0,0,0,0,0,0,0,0
2025-12-02,2643,웹소설,에피소드,유이세스,하트퀸,100,38,37,0,0,0,0,1,1,0,0,100,30,0,0,100,30,70
2025-12-02,2658,웹소설,위험한 오빠 친구,타라,하트퀸,100,29,0,0,0,0,0,29,29,0,0,2900,870,0,0,2900,870,2030
2025-12-02,2659,웹소설,유사연애,김유일,하트퀸,100,2,0,0,0,0,0,2,2,0,0,200,60,0,0,200,60,140
2025-12-02,3181,웹소설,뜨겁게 박히다,느린돌,사막여우,100,1,1,0,0,0,0,0,0,0,0,0,0,0,0,0,0,0
2025-12-02,3804,웹소설,BL 웹드라마의 남주가 되었다.,쪼꼬빔,M블루,100,4,3,0,0,0,0,1,1,0,0,100,30,0,0,100,30,70
2025-12-02,4767,웹소설,희생자의 사육법,세람,M블루,100,202,0,0,0,0,0,202,202,0,0,20200,6060,0,0,20200,6060,14140
2025-12-02,4800,웹소설,찌질한 서브공이 되었습니다.,로보,M블루,100,64,0,0,0,0,0,64,64,0,0,6400,1920,0,0,6400,1920,4480
2025-12-02,4808,웹소설,인간관찰일지 ,세람,M블루,100,81,0,0,0,0,0,81,81,0,0,8100,2430,0,0,8100,2430,5670
2025-12-02,4819,웹소설,검마,글작소,마야마루출판사,100,6,6,0,0,0,0,0,0,0,0,0,0,0,0,0,0,0
2025-12-02,6599,웹소설,크고 잘생긴 오빠 친구,채하정,달밤,100,63,0,0,0,0,0,63,63,0,0,6300,1890,0,0,6300,1890,4410
2025-12-02,12273,웹소설,백산리 슈퍼,장노을,야간비행,100,137,0,0,0,0,0,137,137,0,0,13700,4110,0,0,13700,4110,9590
2025-12-02,14126,웹소설,[BL] 성 주임의 고단한 일주일,비누향중독,유즈비,2500,1,0,0,0,0,0,1,1,0,0,2500,750,0,0,2500,750,1750
2025-12-02,14133,웹소설,[BL] 칡 아닌데요!,sojerry,벨숲,3300,3,0,0,0,0,0,3,3,0,0,9900,2970,0,0,9900,2970,6930
2025-12-02,15442,웹소설,빚더미 세자,마뇽,야간비행,100,34,0,0,0,0,0,34,34,0,0,3400,1020,0,0,3400,1020,2380
2025-12-02,19744,웹소설,너에게 파는 나의 밤 (삽화본),핑캐,해피북스투유,100,2,0,0,0,0,0,2,2,0,0,200,60,0,0,200,60,140
2025-12-03,1419,웹소설,끝정,벚꽃그리고,플로린,100,8,8,0,0,0,0,0,0,0,0,0,0,0,0,0,0,0
2025-12-03,1582,웹소설,스폰,Yulia,래이니북스,100,14,0,0,0,0,0,14,14,0,0,1400,420,0,0,1400,420,980
2025-12-03,1653,웹소설,파랑이 흐른다 (개정판),별보라,플로린,4000,4,0,0,0,0,0,4,4,0,0,16000,4800,0,0,16000,4800,11200
2025-12-03,1665,웹소설,황리비가,별보라,플로린,2700,3,0,0,0,0,0,3,3,0,0,8100,2430,0,0,8100,2430,5670
2025-12-03,1676,웹소설,흑막 도련님이 엉덩이 맴매에 집착한다,홍당근,리본,100,120,0,0,0,0,0,120,120,0,0,12000,3600,0,0,12000,3600,8400
2025-12-03,1677,웹소설,"흑막님, 아이만 키울테니 이혼해주세요",성화영,리본,2700,5,0,0,0,0,0,5,5,0,0,13500,4050,0,0,13500,4050,9450
2025-12-03,2511,웹소설,내가 M이라니,죄송한취향,시계토끼,100,212,14,0,0,0,0,198,198,0,0,19800,5940,0,0,19800,5940,13860
2025-12-03,2513,웹소설,네 마리 포식자들,하얀백지,시계토끼,100,111,0,0,0,0,0,111,111,0,0,11100,3330,0,0,11100,3330,7770
2025-12-03,2643,웹소설,에피소드,유이세스,하트퀸,100,52,52,0,0,0,0,0,0,0,0,0,0,0,0,0,0,0
2025-12-03,2659,웹소설,유사연애,김유일,하트퀸,100,2,0,0,0,0,0,2,2,0,0,200,60,0,0,200,60,140
2025-12-03,3042,웹소설,"아빠가 좋아, 오빠가 좋아?",님도르신,하트퀸,2000,2,0,0,0,0,0,2,2,0,0,4000,1200,0,0,4000,1200,2800
2025-12-03,3088,웹소설,[BL] 아우토반 로맨스,표고밥,체셔,3300,4,0,0,0,0,0,4,4,0,0,13200,3960,0,0,13200,3960,9240
2025-12-03,3184,웹소설,몰락,최강토끼,사막여우,100,2,2,0,0,0,0,0,0,0,0,0,0,0,0,0,0,0
2025-12-03,3186,웹소설,이혼 3초컷 완료해드림,황지구,사막여우,100,178,0,0,0,0,0,178,178,0,0,17800,5340,0,0,17800,5340,12460
2025-12-03,3554,웹소설,후회해도,짙은,사막여우,100,1,1,0,0,0,0,0,0,0,0,0,0,0,0,0,0,0
2025-12-03,3555,웹소설,남편과 파트너 사이,느린돌,사막여우,100,2,2,0,0,0,0,0,0,0,0,0,0,0,0,0,0,0
2025-12-03,3804,웹소설,BL 웹드라마의 남주가 되었다.,쪼꼬빔,M블루,100,1,0,0,0,0,0,1,1,0,0,100,30,0,0,100,30,70
2025-12-03,4811,웹소설,황태자의 시녀가 차를 너무 잘 끓여,돕키,사막여우,100,153,0,0,0,0,0,153,153,0,0,15300,4590,0,0,15300,4590,10710
2025-12-03,4819,웹소설,검마,글작소,마야마루출판사,100,6,6,0,0,0,0,0,0,0,0,0,0,0,0,0,0,0
2025-12-03,6599,웹소설,크고 잘생긴 오빠 친구,채하정,달밤,100,2,1,0,0,0,0,1,1,0,0,100,30,0,0,100,30,70
2025-12-03,13282,웹소설,옆자리 후배님이 이상해,초콜릿악마,하트퀸,100,69,0,0,0,0,0,69,69,0,0,6900,2070,0,0,6900,2070,4830
2025-12-03,14126,웹소설,[BL] 성 주임의 고단한 일주일,비누향중독,유즈비,2500,1,0,0,0,0,0,1,1,0,0,2500,750,0,0,2500,750,1750
2025-12-03,15442,웹소설,빚더미 세자,마뇽,야간비행,100,30,0,0,0,0,0,30,30,0,0,3000,900,0,0,3000,900,2100
2025-12-03,16509,웹소설,마더 올가,포포친,말레피카,100,58,0,0,0,0,0,58,58,0,0,5800,1740,0,0,5800,1740,4060
2025-12-03,16519,웹소설,예민한 닥터 허스키,류재현,마롱,100,65,0,0,0,0,0,65,65,0,0,6500,1950,0,0,6500,1950,4550
2025-12-03,16792,웹소설,저주 짝꿍을 찾습니다,무가연,페리윙클,100,113,0,0,0,0,0,113,113,0,0,11300,3390,0,0,11300,3390,7910
2025-12-03,18617,웹소설,오빠가 해줄게,진숙,하트퀸,100,1,1,0,0,0,0,0,0,0,0,0,0,0,0,0,0,0
2025-12-03,19384,웹소설,인컴플리트,단감,해피북스투유,100,1,0,0,0,0,0,1,1,0,0,100,30,0,0,100,30,70
2025-12-03,19741,웹소설,흑막을 애아빠로 만들었다,제제,리본,100,136,0,0,0,0,0,136,136,0,0,13600,4080,0,0,13600,4080,9520
2025-12-03,19743,웹소설,악당의 가짜 여동생이 되었습니다,채론도,리본,100,138,0,0,0,0,0,138,138,0,0,13800,4140,0,0,13800,4140,9660
2025-12-03,19744,웹소설,너에게 파는 나의 밤 (삽화본),핑캐,해피북스투유,100,5,5,0,0,0,0,0,0,0,0,0,0,0,0,0,0,0
2025-12-04,1419,웹소설,끝정,벚꽃그리고,플로린,100,3,3,0,0,0,0,0,0,0,0,0,0,0,0,0,0,0
2025-12-04,1538,웹소설,막장 아카데미물 남주들과 자꾸 엮인다,뱐,리본,4000,3,0,0,0,0,0,3,3,0,0,12000,3600,0,0,12000,3600,8400
2025-12-04,1541,웹소설,만져도 돼?,차가울(미캉),플로린,100,2,2,0,0,0,0,0,0,0,0,0,0,0,0,0,0,0
2025-12-04,1582,웹소설,스폰,Yulia,래이니북스,100,5,2,0,0,0,0,3,3,0,0,300,90,0,0,300,90,210
2025-12-04,1583,웹소설,시한부 하녀를 위한 복수 지침서,심심,리본,3300,6,0,0,0,0,0,6,6,0,0,19800,5940,0,0,19800,5940,13860
2025-12-04,2423,웹소설,베드 파트너,이로이,사막여우,100,5,5,0,0,0,0,0,0,0,0,0,0,0,0,0,0,0
2025-12-04,2509,웹소설,극악한 그대를 살리기 위해,유은비,시계토끼,100,3,3,0,0,0,0,0,0,0,0,0,0,0,0,0,0,0
2025-12-04,2616,웹소설,동거는 미친 짓이다,강태형,하트퀸,100,1,1,0,0,0,0,0,0,0,0,0,0,0,0,0,0,0
2025-12-04,2643,웹소설,에피소드,유이세스,하트퀸,100,602,61,0,0,0,0,541,541,0,0,54100,16230,0,0,54100,16230,37870
2025-12-04,2655,웹소설,욕망의 노예계약,황금병아리,하트퀸,100,1,1,0,0,0,0,0,0,0,0,0,0,0,0,0,0,0
2025-12-04,3184,웹소설,몰락,최강토끼,사막여우,100,2,2,0,0,0,0,0,0,0,0,0,0,0,0,0,0,0
2025-12-04,3189,웹소설,죽었던 남편이 계략남으로 돌아왔다,하이엘라,사막여우,100,1,1,0,0,0,0,0,0,0,0,0,0,0,0,0,0,0
2025-12-04,3190,웹소설,욕심 많은 대공비로 살아 볼까 합니다만,애플97,사막여우,100,1,0,0,0,0,0,1,1,0,0,100,30,0,0,100,30,70
2025-12-04,3804,웹소설,BL 웹드라마의 남주가 되었다.,쪼꼬빔,M블루,100,2,1,0,0,0,0,1,1,0,0,100,30,0,0,100,30,70
2025-12-04,4765,웹소설,어느 종말의 열애,진9,M블루,100,131,0,0,0,0,0,131,131,0,0,13100,3930,0,0,13100,3930,9170
2025-12-04,4819,웹소설,검마,글작소,마야마루출판사,100,6,6,0,0,0,0,0,0,0,0,0,0,0,0,0,0,0
2025-12-04,6599,웹소설,크고 잘생긴 오빠 친구,채하정,달밤,100,19,0,0,0,0,0,19,19,0,0,1900,570,0,0,1900,570,1330
2025-12-04,16792,웹소설,저주 짝꿍을 찾습니다,무가연,페리윙클,100,10,9,0,0,0,0,1,1,0,0,100,30,0,0,100,30,70
2025-12-04,18617,웹소설,오빠가 해줄게,진숙,하트퀸,100,1,1,0,0,0,0,0,0,0,0,0,0,0,0,0,0,0
2025-12-04,19384,웹소설,인컴플리트,단감,해피북스투유,100,2,0,0,0,0,0,2,2,0,0,200,60,0,0,200,60,140
2025-12-05,1397,웹소설,7일의 사정,Yulia,래이니북스,100,1,1,0,0,0,0,0,0,0,0,0,0,0,0,0,0,0
2025-12-05,1553,웹소설,불친절한 부부생활,벚꽃그리고,고트북스,100,4,3,0,0,0,0,1,1,0,0,100,30,0,0,100,30,70
2025-12-05,1559,웹소설,비서 집착,유카,플로린,100,1,1,0,0,0,0,0,0,0,0,0,0,0,0,0,0,0
2025-12-05,1582,웹소설,스폰,Yulia,래이니북스,100,1,1,0,0,0,0,0,0,0,0,0,0,0,0,0,0,0
2025-12-05,2228,웹소설,술김에 황후가 되었습니다,거주자,사막여우,100,2,2,0,0,0,0,0,0,0,0,0,0,0,0,0,0,0
2025-12-05,2511,웹소설,내가 M이라니,죄송한취향,시계토끼,100,1,1,0,0,0,0,0,0,0,0,0,0,0,0,0,0,0
2025-12-05,2513,웹소설,네 마리 포식자들,하얀백지,시계토끼,100,13,6,0,0,0,0,7,7,0,0,700,210,0,0,700,210,490
2025-12-05,2622,웹소설,매끈한 친구 오빠,라쉬,하트퀸,100,1,1,0,0,0,0,0,0,0,0,0,0,0,0,0,0,0
2025-12-05,2643,웹소설,에피소드,유이세스,하트퀸,100,26,25,0,0,0,0,1,1,0,0,100,30,0,0,100,30,70
2025-12-05,2658,웹소설,위험한 오빠 친구,타라,하트퀸,100,3,3,0,0,0,0,0,0,0,0,0,0,0,0,0,0,0
2025-12-05,3003,웹소설,위험한 오빠 친구,타라,하트퀸,3000,2,0,0,0,0,0,2,2,0,0,4500,1350,0,0,4500,1350,3150
2025-12-05,3184,웹소설,몰락,최강토끼,사막여우,100,4,3,0,0,0,0,1,1,0,0,100,30,0,0,100,30,70
2025-12-05,3190,웹소설,욕심 많은 대공비로 살아 볼까 합니다만,애플97,사막여우,100,1,0,0,0,0,0,1,1,0,0,100,30,0,0,100,30,70
2025-12-05,3555,웹소설,남편과 파트너 사이,느린돌,사막여우,100,2,2,0,0,0,0,0,0,0,0,0,0,0,0,0,0,0
2025-12-05,3804,웹소설,BL 웹드라마의 남주가 되었다.,쪼꼬빔,M블루,100,2,0,0,0,0,0,2,2,0,0,200,60,0,0,200,60,140
2025-12-05,4733,웹소설,마도괴협,윤지겸,마야마루출판사,100,2,2,0,0,0,0,0,0,0,0,0,0,0,0,0,0,0
2025-12-05,4767,웹소설,희생자의 사육법,세람,M블루,100,202,0,0,0,0,0,202,202,0,0,20200,6060,0,0,20200,6060,14140
2025-12-05,4801,웹소설,모노크롬 루머,치율,M블루,100,215,0,0,0,0,0,215,215,0,0,21500,6450,0,0,21500,6450,15050
2025-12-05,4808,웹소설,인간관찰일지 ,세람,M블루,100,81,0,0,0,0,0,81,81,0,0,8100,2430,0,0,8100,2430,5670
2025-12-05,4817,웹소설,우리 사이에 아기가,느린돌,사막여우,100,1,1,0,0,0,0,0,0,0,0,0,0,0,0,0,0,0
2025-12-05,4819,웹소설,검마,글작소,마야마루출판사,100,6,6,0,0,0,0,0,0,0,0,0,0,0,0,0,0,0
2025-12-05,5799,웹소설,금단을 탐하다,라이나,해피북스투유,100,3,3,0,0,0,0,0,0,0,0,0,0,0,0,0,0,0
2025-12-05,15615,웹소설,[BL] 근딜을 포기하지 못하는 이유,라에르,스토린랩,3400,1,0,0,0,0,0,1,1,0,0,3400,1020,0,0,3400,1020,2380
2025-12-05,16450,웹소설,[BL] 퀘스트를 신중하게 수락해야 하는 이유,벨벳해머(AreYOUok),M블루,3000,5,0,0,0,0,0,5,5,0,0,15000,4500,0,0,15000,4500,10500
2025-12-05,16792,웹소설,저주 짝꿍을 찾습니다,무가연,페리윙클,100,4,3,0,0,0,0,1,1,0,0,100,30,0,0,100,30,70
2025-12-05,19387,웹소설,[BL] 주인님과 개 : 한주인X강하진 시리즈,월하향,희우,100,2,0,0,0,0,0,2,2,0,0,200,60,0,0,200,60,140
2025-12-05,19390,웹소설,[BL] 가면극,사유담,희우,100,154,0,0,0,0,0,154,154,0,0,15400,4620,0,0,15400,4620,10780
2025-12-05,19744,웹소설,너에게 파는 나의 밤 (삽화본),핑캐,해피북스투유,100,1,1,0,0,0,0,0,0,0,0,0,0,0,0,0,0,0
2025-12-05,19745,웹소설,아내 자격,핑캐,해피북스투유,100,1,1,0,0,0,0,0,0,0,0,0,0,0,0,0,0,0
2025-12-05,20361,웹소설,아저씨,강태형,하트퀸,100,1,1,0,0,0,0,0,0,0,0,0,0,0,0,0,0,0
2025-12-05,20362,웹소설,오만한 왕녀와 숲의 괴물들,필밤,시계토끼,100,1,1,0,0,0,0,0,0,0,0,0,0,0,0,0,0,0
2025-12-05,20363,웹소설,동티,마뇽,시계토끼,100,2,2,0,0,0,0,0,0,0,0,0,0,0,0,0,0,0
2025-12-06,1419,웹소설,끝정,벚꽃그리고,플로린,100,2,2,0,0,0,0,0,0,0,0,0,0,0,0,0,0,0
2025-12-06,1541,웹소설,만져도 돼?,차가울(미캉),플로린,100,42,0,0,0,0,0,42,42,0,0,4200,1260,0,0,4200,1260,2940
2025-12-06,1559,웹소설,비서 집착,유카,플로린,100,4,4,0,0,0,0,0,0,0,0,0,0,0,0,0,0,0
2025-12-06,1569,웹소설,상사와 그런 사이,레이먼,래이니북스,100,2,2,0,0,0,0,0,0,0,0,0,0,0,0,0,0,0
2025-12-06,1665,웹소설,황리비가,별보라,플로린,2700,3,0,0,0,0,0,3,3,0,0,8100,2430,0,0,8100,2430,5670
2025-12-06,2421,웹소설,폭군의 보호자는 악역 마녀입니다,블루라군,사막여우,100,1,0,0,0,0,0,1,1,0,0,100,30,0,0,100,30,70
2025-12-06,2423,웹소설,베드 파트너,이로이,사막여우,100,3,3,0,0,0,0,0,0,0,0,0,0,0,0,0,0,0
2025-12-06,2511,웹소설,내가 M이라니,죄송한취향,시계토끼,100,19,9,0,0,0,0,10,10,0,0,1000,300,0,0,1000,300,700
2025-12-06,2513,웹소설,네 마리 포식자들,하얀백지,시계토끼,100,10,8,0,0,0,0,2,2,0,0,200,60,0,0,200,60,140
2025-12-06,2522,웹소설,묘설,페일핑크,시계토끼,100,1,1,0,0,0,0,0,0,0,0,0,0,0,0,0,0,0
2025-12-06,2568,웹소설,한 배를 탄 사이,서루,시계토끼,100,1,0,0,0,0,0,1,1,0,0,100,30,0,0,100,30,70
2025-12-06,2643,웹소설,에피소드,유이세스,하트퀸,100,570,29,0,0,0,0,541,541,0,0,54100,16230,0,0,54100,16230,37870
2025-12-06,2658,웹소설,위험한 오빠 친구,타라,하트퀸,100,4,3,0,0,0,0,1,1,0,0,100,30,0,0,100,30,70
2025-12-06,2659,웹소설,유사연애,김유일,하트퀸,100,2,0,0,0,0,0,2,2,0,0,200,60,0,0,200,60,140
2025-12-06,3006,웹소설,에피소드 [1부-2부],유이세스,하트퀸,4000,7,0,0,0,0,0,7,7,0,0,28500,8550,0,0,28500,8550,19950
2025-12-06,3007,웹소설,에피소드 [3부-외전],유이세스,하트퀸,4000,8,0,0,0,0,0,8,8,0,0,25500,7650,0,0,25500,7650,17850
2025-12-06,3064,웹소설,다섯 번째 친구,봉빙,하트퀸,4000,1,0,0,0,0,0,1,1,0,0,4000,1200,0,0,4000,1200,2800
2025-12-06,3181,웹소설,뜨겁게 박히다,느린돌,사막여우,100,3,3,0,0,0,0,0,0,0,0,0,0,0,0,0,0,0
2025-12-06,3184,웹소설,몰락,최강토끼,사막여우,100,3,3,0,0,0,0,0,0,0,0,0,0,0,0,0,0,0
2025-12-06,3804,웹소설,BL 웹드라마의 남주가 되었다.,쪼꼬빔,M블루,100,2,0,0,0,0,0,2,2,0,0,200,60,0,0,200,60,140
2025-12-06,4767,웹소설,희생자의 사육법,세람,M블루,100,202,0,0,0,0,0,202,202,0,0,20200,6060,0,0,20200,6060,14140
2025-12-06,4812,웹소설,소꿉친구는 BL 소설 주인공,별고래파이,사막여우,100,4,4,0,0,0,0,0,0,0,0,0,0,0,0,0,0,0
2025-12-06,4819,웹소설,검마,글작소,마야마루출판사,100,6,6,0,0,0,0,0,0,0,0,0,0,0,0,0,0,0
2025-12-06,12084,웹소설,메디시스가의 오메가,코네꼬,야간비행,100,2,2,0,0,0,0,0,0,0,0,0,0,0,0,0,0,0
2025-12-06,15513,웹소설,성기사를 삼킨 마녀,김캐럿,달밤,100,2,2,0,0,0,0,0,0,0,0,0,0,0,0,0,0,0
2025-12-06,16506,웹소설,집착 남주의 유일한 안정제가 되었습니다,백일홍,해피북스투유,100,161,0,0,0,0,0,161,161,0,0,16100,4830,0,0,16100,4830,11270
2025-12-06,16792,웹소설,저주 짝꿍을 찾습니다,무가연,페리윙클,100,6,4,0,0,0,0,2,2,0,0,200,60,0,0,200,60,140
2025-12-06,19743,웹소설,악당의 가짜 여동생이 되었습니다,채론도,리본,100,1,1,0,0,0,0,0,0,0,0,0,0,0,0,0,0,0
2025-12-06,19744,웹소설,너에게 파는 나의 밤 (삽화본),핑캐,해피북스투유,100,20,4,0,0,0,0,16,16,0,0,1600,480,0,0,1600,480,1120
2025-12-06,20361,웹소설,아저씨,강태형,하트퀸,100,42,7,0,0,0,0,35,35,0,0,3500,1050,0,0,3500,1050,2450
2025-12-06,20362,웹소설,오만한 왕녀와 숲의 괴물들,필밤,시계토끼,100,2,2,0,0,0,0,0,0,0,0,0,0,0,0,0,0,0
2025-12-06,20363,웹소설,동티,마뇽,시계토끼,100,2,2,0,0,0,0,0,0,0,0,0,0,0,0,0,0,0
2025-12-07,1419,웹소설,끝정,벚꽃그리고,플로린,100,4,4,0,0,0,0,0,0,0,0,0,0,0,0,0,0,0
2025-12-07,1540,웹소설,만져도 돼? (외전증보판),차가울(미캉),플로린,4000,1,0,0,0,0,0,1,1,0,0,4000,1200,0,0,4000,1200,2800
2025-12-07,1541,웹소설,만져도 돼?,차가울(미캉),플로린,100,8,1,0,0,0,0,7,7,0,0,700,210,0,0,700,210,490
2025-12-07,1569,웹소설,상사와 그런 사이,레이먼,래이니북스,100,2,2,0,0,0,0,0,0,0,0,0,0,0,0,0,0,0
2025-12-07,1582,웹소설,스폰,Yulia,래이니북스,100,1,1,0,0,0,0,0,0,0,0,0,0,0,0,0,0,0
2025-12-07,1614,웹소설,우연 다방,상림(메리J),플로린,100,3,3,0,0,0,0,0,0,0,0,0,0,0,0,0,0,0
2025-12-07,1648,웹소설,집착남들을 피해 도망치는 법,오촘,리본,100,1,1,0,0,0,0,0,0,0,0,0,0,0,0,0,0,0
2025-12-07,2423,웹소설,베드 파트너,이로이,사막여우,100,3,3,0,0,0,0,0,0,0,0,0,0,0,0,0,0,0
2025-12-07,2511,웹소설,내가 M이라니,죄송한취향,시계토끼,100,6,2,0,0,0,0,4,4,0,0,400,120,0,0,400,120,280
2025-12-07,2559,웹소설,청라의 신부,리자은,시계토끼,100,73,6,0,0,0,0,67,67,0,0,6700,2010,0,0,6700,2010,4690
2025-12-07,2568,웹소설,한 배를 탄 사이,서루,시계토끼,100,1,0,0,0,0,0,1,1,0,0,100,30,0,0,100,30,70
2025-12-07,2571,웹소설,"황태자님, 저는 모럴이 없어요",아로에시,시계토끼,100,35,3,0,0,0,0,32,32,0,0,3200,960,0,0,3200,960,2240
2025-12-07,2607,웹소설,내 비서의 주인 [19세 개정판],김민,하트퀸,100,1,1,0,0,0,0,0,0,0,0,0,0,0,0,0,0,0
2025-12-07,2622,웹소설,매끈한 친구 오빠,라쉬,하트퀸,100,3,3,0,0,0,0,0,0,0,0,0,0,0,0,0,0,0
2025-12-07,2643,웹소설,에피소드,유이세스,하트퀸,100,22,22,0,0,0,0,0,0,0,0,0,0,0,0,0,0,0
2025-12-07,3006,웹소설,에피소드 [1부-2부],유이세스,하트퀸,4000,1,1,0,0,0,0,0,0,0,0,0,0,0,0,0,0,0
2025-12-07,3180,웹소설,온전하지 못한 관계,하루가 너무 길다,사막여우,100,79,6,0,0,0,0,73,73,0,0,7300,2190,0,0,7300,2190,5110
2025-12-07,3184,웹소설,몰락,최강토끼,사막여우,100,2,2,0,0,0,0,0,0,0,0,0,0,0,0,0,0,0
2025-12-07,3190,웹소설,욕심 많은 대공비로 살아 볼까 합니다만,애플97,사막여우,100,3,0,0,0,0,0,3,3,0,0,300,90,0,0,300,90,210
2025-12-07,3555,웹소설,남편과 파트너 사이,느린돌,사막여우,100,2,2,0,0,0,0,0,0,0,0,0,0,0,0,0,0,0
2025-12-07,3804,웹소설,BL 웹드라마의 남주가 되었다.,쪼꼬빔,M블루,100,3,0,0,0,0,0,3,3,0,0,300,90,0,0,300,90,210
2025-12-07,4733,웹소설,마도괴협,윤지겸,마야마루출판사,100,2,2,0,0,0,0,0,0,0,0,0,0,0,0,0,0,0
2025-12-07,4808,웹소설,인간관찰일지 ,세람,M블루,100,81,0,0,0,0,0,81,81,0,0,8100,2430,0,0,8100,2430,5670
2025-12-07,4812,웹소설,소꿉친구는 BL 소설 주인공,별고래파이,사막여우,100,2,2,0,0,0,0,0,0,0,0,0,0,0,0,0,0,0
2025-12-07,4813,웹소설,아내에게 미치면,봄그린,사막여우,100,2,2,0,0,0,0,0,0,0,0,0,0,0,0,0,0,0
2025-12-07,4819,웹소설,검마,글작소,마야마루출판사,100,6,6,0,0,0,0,0,0,0,0,0,0,0,0,0,0,0
2025-12-07,14252,웹소설,[BL] 악당이 적성에 맞습니다,로보,M블루,3200,5,0,0,0,0,0,5,5,0,0,14500,4350,0,0,14500,4350,10150
2025-12-07,16792,웹소설,저주 짝꿍을 찾습니다,무가연,페리윙클,100,6,5,0,0,0,0,1,1,0,0,100,30,0,0,100,30,70
2025-12-07,18617,웹소설,오빠가 해줄게,진숙,하트퀸,100,2,2,0,0,0,0,0,0,0,0,0,0,0,0,0,0,0
2025-12-07,19744,웹소설,너에게 파는 나의 밤 (삽화본),핑캐,해피북스투유,100,25,0,0,0,0,0,25,25,0,0,2500,750,0,0,2500,750,1750
2025-12-07,20361,웹소설,아저씨,강태형,하트퀸,100,39,3,0,0,0,0,36,36,0,0,3600,1080,0,0,3600,1080,2520
2025-12-08,1419,웹소설,끝정,벚꽃그리고,플로린,100,4,4,0,0,0,0,0,0,0,0,0,0,0,0,0,0,0
2025-12-08,1540,웹소설,만져도 돼? (외전증보판),차가울(미캉),플로린,4000,1,0,0,0,0,0,1,1,0,0,4000,1200,0,0,4000,1200,2800
2025-12-08,1541,웹소설,만져도 돼?,차가울(미캉),플로린,100,4,1,0,0,0,0,3,3,0,0,300,90,0,0,300,90,210
2025-12-08,1630,웹소설,이혼 예정인 남편과 하룻밤을 보냈다,보리식혜,리본,100,5,5,0,0,0,0,0,0,0,0,0,0,0,0,0,0,0
2025-12-08,1648,웹소설,집착남들을 피해 도망치는 법,오촘,리본,100,97,0,0,0,0,0,97,97,0,0,9700,2910,0,0,9700,2910,6790
2025-12-08,1795,웹소설,아우토반 로맨스,표고밥,체셔,3300,4,0,0,0,0,0,4,4,0,0,13200,3960,0,0,13200,3960,9240
2025-12-08,2423,웹소설,베드 파트너,이로이,사막여우,100,3,3,0,0,0,0,0,0,0,0,0,0,0,0,0,0,0
2025-12-08,2424,웹소설,구원하려다 같이 데뷔함,윤선후,야간비행,100,1,0,0,0,1,0,0,0,0,0,0,0,0,0,0,0,0
2025-12-08,2547,웹소설,"역적의 딸, 황후가 되다",녕국,시계토끼,100,5,5,0,0,0,0,0,0,0,0,0,0,0,0,0,0,0
2025-12-08,2643,웹소설,에피소드,유이세스,하트퀸,100,20,20,0,0,0,0,0,0,0,0,0,0,0,0,0,0,0
2025-12-08,2658,웹소설,위험한 오빠 친구,타라,하트퀸,100,34,4,0,0,0,0,30,30,0,0,3000,900,0,0,3000,900,2100
2025-12-08,3092,웹소설,[BL] 매화장,이담,체셔,3300,3,0,0,0,0,0,3,3,0,0,8100,2430,0,0,8100,2430,5670
2025-12-08,3096,웹소설,[BL] 별의 바다,라에르,체셔,3000,2,0,0,0,0,0,2,2,0,0,6000,1800,0,0,6000,1800,4200
2025-12-08,3184,웹소설,몰락,최강토끼,사막여우,100,3,3,0,0,0,0,0,0,0,0,0,0,0,0,0,0,0
2025-12-08,3190,웹소설,욕심 많은 대공비로 살아 볼까 합니다만,애플97,사막여우,100,10,0,0,0,0,0,10,10,0,0,1000,300,0,0,1000,300,700
2025-12-08,3555,웹소설,남편과 파트너 사이,느린돌,사막여우,100,2,2,0,0,0,0,0,0,0,0,0,0,0,0,0,0,0
2025-12-08,3804,웹소설,BL 웹드라마의 남주가 되었다.,쪼꼬빔,M블루,100,2,1,0,0,0,0,1,1,0,0,100,30,0,0,100,30,70
2025-12-08,4733,웹소설,마도괴협,윤지겸,마야마루출판사,100,2,2,0,0,0,0,0,0,0,0,0,0,0,0,0,0,0
2025-12-08,4767,웹소설,희생자의 사육법,세람,M블루,100,607,1,0,0,0,0,606,606,0,0,60600,18180,0,0,60600,18180,42420
2025-12-08,4800,웹소설,찌질한 서브공이 되었습니다.,로보,M블루,100,43,3,0,0,0,0,40,40,0,0,4000,1200,0,0,4000,1200,2800
2025-12-08,4801,웹소설,모노크롬 루머,치율,M블루,100,215,0,0,0,0,0,215,215,0,0,21500,6450,0,0,21500,6450,15050
2025-12-08,4819,웹소설,검마,글작소,마야마루출판사,100,6,6,0,0,0,0,0,0,0,0,0,0,0,0,0,0,0
2025-12-08,14177,웹소설,"[BL] 소환술사는 맞는데, 이상한 걸 소환합니다",룬명,벨숲,3000,6,0,0,0,0,0,6,6,0,0,18500,5550,0,0,18500,5550,12950
2025-12-08,16506,웹소설,집착 남주의 유일한 안정제가 되었습니다,백일홍,해피북스투유,100,1,1,0,0,0,0,0,0,0,0,0,0,0,0,0,0,0
2025-12-08,16537,웹소설,루틴을 지켜 주세요!,not81,야간비행,100,74,5,0,0,0,0,69,69,0,0,6900,2070,0,0,6900,2070,4830
2025-12-08,16792,웹소설,저주 짝꿍을 찾습니다,무가연,페리윙클,100,3,3,0,0,0,0,0,0,0,0,0,0,0,0,0,0,0
2025-12-08,19744,웹소설,너에게 파는 나의 밤 (삽화본),핑캐,해피북스투유,100,4,2,0,0,0,0,2,2,0,0,200,60,0,0,200,60,140
2025-12-08,20361,웹소설,아저씨,강태형,하트퀸,100,33,4,0,0,0,0,29,29,0,0,2900,870,0,0,2900,870,2030
2025-12-08,20362,웹소설,오만한 왕녀와 숲의 괴물들,필밤,시계토끼,100,1,1,0,0,0,0,0,0,0,0,0,0,0,0,0,0,0
2025-12-08,20369,웹소설,북부 남작 영애의 식물 백과사전,우주벚꽃,사막여우,100,2,2,0,0,0,0,0,0,0,0,0,0,0,0,0,0,0
2025-12-08,20370,웹소설,반역자는 왕이 되기로 했다,바나나폭탄마,사막여우,100,6,6,0,0,0,0,0,0,0,0,0,0,0,0,0,0,0
2025-12-09,1419,웹소설,끝정,벚꽃그리고,플로린,100,3,3,0,0,0,0,0,0,0,0,0,0,0,0,0,0,0
2025-12-09,1541,웹소설,만져도 돼?,차가울(미캉),플로린,100,1,1,0,0,0,0,0,0,0,0,0,0,0,0,0,0,0
2025-12-09,1582,웹소설,스폰,Yulia,래이니북스,100,1,0,0,0,0,0,1,1,0,0,100,30,0,0,100,30,70
2025-12-09,2423,웹소설,베드 파트너,이로이,사막여우,100,2,2,0,0,0,0,0,0,0,0,0,0,0,0,0,0,0
2025-12-09,2513,웹소설,네 마리 포식자들,하얀백지,시계토끼,100,38,9,0,0,0,0,29,29,0,0,2900,870,0,0,2900,870,2030
2025-12-09,2636,웹소설,비하인드 맞선,김필샤,하트퀸,100,1,1,0,0,0,0,0,0,0,0,0,0,0,0,0,0,0
2025-12-09,2643,웹소설,에피소드,유이세스,하트퀸,100,83,83,0,0,0,0,0,0,0,0,0,0,0,0,0,0,0
2025-12-09,2658,웹소설,위험한 오빠 친구,타라,하트퀸,100,1,1,0,0,0,0,0,0,0,0,0,0,0,0,0,0,0
2025-12-09,2672,웹소설,짐승의 심연,비향,하트퀸,100,1,1,0,0,0,0,0,0,0,0,0,0,0,0,0,0,0
2025-12-09,3006,웹소설,에피소드 [1부-2부],유이세스,하트퀸,4000,3,2,0,0,0,0,1,1,0,0,4000,1200,0,0,4000,1200,2800
2025-12-09,3184,웹소설,몰락,최강토끼,사막여우,100,1,1,0,0,0,0,0,0,0,0,0,0,0,0,0,0,0
2025-12-09,3185,웹소설,제발 멈추지 말아요 ,우아진,사막여우,100,3,3,0,0,0,0,0,0,0,0,0,0,0,0,0,0,0
2025-12-09,3190,웹소설,욕심 많은 대공비로 살아 볼까 합니다만,애플97,사막여우,100,6,0,0,0,0,0,6,6,0,0,600,180,0,0,600,180,420
2025-12-09,3804,웹소설,BL 웹드라마의 남주가 되었다.,쪼꼬빔,M블루,100,1,0,0,0,0,0,1,1,0,0,100,30,0,0,100,30,70
2025-12-09,4733,웹소설,마도괴협,윤지겸,마야마루출판사,100,2,2,0,0,0,0,0,0,0,0,0,0,0,0,0,0,0
2025-12-09,4801,웹소설,모노크롬 루머,치율,M블루,100,216,1,0,0,0,0,215,215,0,0,21500,6450,0,0,21500,6450,15050
2025-12-09,4819,웹소설,검마,글작소,마야마루출판사,100,6,6,0,0,0,0,0,0,0,0,0,0,0,0,0,0,0
2025-12-09,18998,웹소설,집착의 한도,비설,플로린,100,2,2,0,0,0,0,0,0,0,0,0,0,0,0,0,0,0
2025-12-09,20361,웹소설,아저씨,강태형,하트퀸,100,6,3,0,0,0,0,3,3,0,0,300,90,0,0,300,90,210
2025-12-09,20362,웹소설,오만한 왕녀와 숲의 괴물들,필밤,시계토끼,100,8,3,0,0,0,0,5,5,0,0,500,150,0,0,500,150,350
2025-12-09,20363,웹소설,동티,마뇽,시계토끼,100,1,1,0,0,0,0,0,0,0,0,0,0,0,0,0,0,0
2025-12-09,20368,웹소설,버린 남편을 주웠다,김주원,사막여우,100,23,6,0,0,0,0,17,17,0,0,1700,510,0,0,1700,510,1190
2025-12-09,20369,웹소설,북부 남작 영애의 식물 백과사전,우주벚꽃,사막여우,100,2,2,0,0,0,0,0,0,0,0,0,0,0,0,0,0,0
2025-12-09,20372,웹소설,날 구원할 하녀,choisang,사막여우,100,2,2,0,0,0,0,0,0,0,0,0,0,0,0,0,0,0
2025-12-09,20376,웹소설,마지막 로미오,leda,사막여우,100,12,10,0,0,0,0,2,2,0,0,200,60,0,0,200,60,140
2025-12-09,20410,웹소설,삼켜지는 밤,리휘안,시계토끼,100,4,4,0,0,0,0,0,0,0,0,0,0,0,0,0,0,0
2025-12-10,1419,웹소설,끝정,벚꽃그리고,플로린,100,1,1,0,0,0,0,0,0,0,0,0,0,0,0,0,0,0
2025-12-10,1437,웹소설,내 안의 악마를 위하여,피숙혜,플로린,100,140,0,0,0,0,0,140,140,0,0,14000,4200,0,0,14000,4200,9800
2025-12-10,1443,웹소설,노스페라투,피숙혜,플로린,100,111,0,0,0,0,0,111,111,0,0,11100,3330,0,0,11100,3330,7770
2025-12-10,1541,웹소설,만져도 돼?,차가울(미캉),플로린,100,11,1,0,0,0,0,10,10,0,0,1000,300,0,0,1000,300,700
2025-12-10,1569,웹소설,상사와 그런 사이,레이먼,래이니북스,100,2,2,0,0,0,0,0,0,0,0,0,0,0,0,0,0,0
2025-12-10,1586,웹소설,아몬 : 헤아릴 수 없는,피숙혜,플로린,100,150,0,0,0,0,0,150,150,0,0,15000,4500,0,0,15000,4500,10500
2025-12-10,2511,웹소설,내가 M이라니,죄송한취향,시계토끼,100,37,36,0,0,0,0,1,1,0,0,100,30,0,0,100,30,70
2025-12-10,2513,웹소설,네 마리 포식자들,하얀백지,시계토끼,100,16,6,0,0,0,0,10,10,0,0,1000,300,0,0,1000,300,700
2025-12-10,2643,웹소설,에피소드,유이세스,하트퀸,100,439,25,0,0,0,0,414,414,0,0,41400,12420,0,0,41400,12420,28980
2025-12-10,3006,웹소설,에피소드 [1부-2부],유이세스,하트퀸,4000,1,0,0,0,0,0,1,1,0,0,4500,1350,0,0,4500,1350,3150
2025-12-10,3007,웹소설,에피소드 [3부-외전],유이세스,하트퀸,4000,4,0,0,0,0,0,4,4,0,0,9000,2700,0,0,9000,2700,6300
2025-12-10,3184,웹소설,몰락,최강토끼,사막여우,100,2,2,0,0,0,0,0,0,0,0,0,0,0,0,0,0,0
2025-12-10,3190,웹소설,욕심 많은 대공비로 살아 볼까 합니다만,애플97,사막여우,100,8,0,0,0,0,0,8,8,0,0,800,240,0,0,800,240,560
2025-12-10,3804,웹소설,BL 웹드라마의 남주가 되었다.,쪼꼬빔,M블루,100,2,0,0,0,0,0,2,2,0,0,200,60,0,0,200,60,140
2025-12-10,4733,웹소설,마도괴협,윤지겸,마야마루출판사,100,2,2,0,0,0,0,0,0,0,0,0,0,0,0,0,0,0
2025-12-10,4808,웹소설,인간관찰일지 ,세람,M블루,100,81,0,0,0,0,0,81,81,0,0,8100,2430,0,0,8100,2430,5670
2025-12-10,4819,웹소설,검마,글작소,마야마루출판사,100,6,6,0,0,0,0,0,0,0,0,0,0,0,0,0,0,0
2025-12-10,14216,웹소설,못된 오빠,평온한,사막여우,100,2,2,0,0,0,0,0,0,0,0,0,0,0,0,0,0,0
2025-12-10,16502,웹소설,어린 아내,얀,해피북스투유,100,1,1,0,0,0,0,0,0,0,0,0,0,0,0,0,0,0
2025-12-10,19744,웹소설,너에게 파는 나의 밤 (삽화본),핑캐,해피북스투유,100,1,1,0,0,0,0,0,0,0,0,0,0,0,0,0,0,0
2025-12-10,20361,웹소설,아저씨,강태형,하트퀸,100,5,4,0,0,0,0,1,1,0,0,100,30,0,0,100,30,70
2025-12-10,20362,웹소설,오만한 왕녀와 숲의 괴물들,필밤,시계토끼,100,1,1,0,0,0,0,0,0,0,0,0,0,0,0,0,0,0
2025-12-10,20368,웹소설,버린 남편을 주웠다,김주원,사막여우,100,41,1,0,0,0,0,40,40,0,0,4000,1200,0,0,4000,1200,2800
2025-12-10,20370,웹소설,반역자는 왕이 되기로 했다,바나나폭탄마,사막여우,100,2,2,0,0,0,0,0,0,0,0,0,0,0,0,0,0,0
2025-12-10,20376,웹소설,마지막 로미오,leda,사막여우,100,2,2,0,0,0,0,0,0,0,0,0,0,0,0,0,0,0
2025-12-10,20410,웹소설,삼켜지는 밤,리휘안,시계토끼,100,5,5,0,0,0,0,0,0,0,0,0,0,0,0,0,0,0
2025-12-10,20412,웹소설,침대 위의 대표님,왕기대,,100,13,3,0,0,0,0,10,10,0,0,1000,300,0,0,1000,300,700
2025-12-10,20437,웹소설,황녀의 남편은 셋,필밤,시계토끼,100,1,1,0,0,0,0,0,0,0,0,0,0,0,0,0,0,0
2025-12-11,1419,웹소설,끝정,벚꽃그리고,플로린,100,3,3,0,0,0,0,0,0,0,0,0,0,0,0,0,0,0
2025-12-11,1541,웹소설,만져도 돼?,차가울(미캉),플로린,100,44,2,0,0,0,0,42,42,0,0,4200,1260,0,0,4200,1260,2940
2025-12-11,1789,웹소설,골드레인,새우깡,체셔,3000,3,0,0,0,0,0,3,3,0,0,7800,2340,0,0,7800,2340,5460
2025-12-11,2423,웹소설,베드 파트너,이로이,사막여우,100,93,5,0,0,0,0,88,88,0,0,8800,2640,0,0,8800,2640,6160
2025-12-11,2511,웹소설,내가 M이라니,죄송한취향,시계토끼,100,212,2,0,0,0,0,210,210,0,0,21000,6300,0,0,21000,6300,14700
2025-12-11,2513,웹소설,네 마리 포식자들,하얀백지,시계토끼,100,8,0,0,0,0,0,8,8,0,0,800,240,0,0,800,240,560
2025-12-11,2568,웹소설,한 배를 탄 사이,서루,시계토끼,100,2,2,0,0,0,0,0,0,0,0,0,0,0,0,0,0,0
2025-12-11,2643,웹소설,에피소드,유이세스,하트퀸,100,556,13,0,0,0,0,543,543,0,0,54300,16290,0,0,54300,16290,38010
2025-12-11,3181,웹소설,뜨겁게 박히다,느린돌,사막여우,100,2,2,0,0,0,0,0,0,0,0,0,0,0,0,0,0,0
2025-12-11,3190,웹소설,욕심 많은 대공비로 살아 볼까 합니다만,애플97,사막여우,100,4,0,0,0,0,0,4,4,0,0,400,120,0,0,400,120,280
2025-12-11,3804,웹소설,BL 웹드라마의 남주가 되었다.,쪼꼬빔,M블루,100,3,0,0,0,0,0,3,3,0,0,300,90,0,0,300,90,210
2025-12-11,4733,웹소설,마도괴협,윤지겸,마야마루출판사,100,2,2,0,0,0,0,0,0,0,0,0,0,0,0,0,0,0
2025-12-11,4801,웹소설,모노크롬 루머,치율,M블루,100,5,5,0,0,0,0,0,0,0,0,0,0,0,0,0,0,0
2025-12-11,4818,웹소설,부부라면 반드시,범서라,사막여우,100,2,2,0,0,0,0,0,0,0,0,0,0,0,0,0,0,0
2025-12-11,4819,웹소설,검마,글작소,마야마루출판사,100,6,6,0,0,0,0,0,0,0,0,0,0,0,0,0,0,0
2025-12-11,4832,웹소설,제라스의 여관,사이딘,마야마루출판사,100,164,0,0,0,0,0,164,164,0,0,16400,4920,0,0,16400,4920,11480
2025-12-11,12818,웹소설,프리티 키치(Pretty Kitsch),오로지,플로린,3500,3,0,0,0,0,0,3,3,0,0,10500,3150,0,0,10500,3150,7350
2025-12-11,12819,웹소설,달빛 시퀀스,오로지,플로린,2900,2,0,0,0,0,0,2,2,0,0,5700,1710,0,0,5700,1710,3990
2025-12-11,13898,웹소설,진락동 파라다이스,채호정,유니브,2800,3,0,0,0,0,0,3,3,0,0,7600,2280,0,0,7600,2280,5320
2025-12-11,19741,웹소설,흑막을 애아빠로 만들었다,제제,리본,100,4,4,0,0,0,0,0,0,0,0,0,0,0,0,0,0,0
2025-12-11,20368,웹소설,버린 남편을 주웠다,김주원,사막여우,100,14,0,0,0,0,0,14,14,0,0,1400,420,0,0,1400,420,980
2025-12-11,20373,웹소설,미친 S급들과 던전에 떨어졌다,썰매,사막여우,100,2,1,0,0,0,0,1,1,0,0,100,30,0,0,100,30,70
2025-12-11,20412,웹소설,침대 위의 대표님,왕기대,,100,57,1,0,0,0,0,56,56,0,0,5600,1680,0,0,5600,1680,3920
2025-12-11,20434,웹소설,[BL] 독방에서 XX,나무요정,체셔,100,3,3,0,0,0,0,0,0,0,0,0,0,0,0,0,0,0
2025-12-11,20437,웹소설,황녀의 남편은 셋,필밤,시계토끼,100,3,3,0,0,0,0,0,0,0,0,0,0,0,0,0,0,0
2025-12-12,1419,웹소설,끝정,벚꽃그리고,플로린,100,1,1,0,0,0,0,0,0,0,0,0,0,0,0,0,0,0
2025-12-12,1425,웹소설,"그러므로, 사랑",피숙혜,플로린,4000,2,0,0,0,0,0,2,2,0,0,8000,2400,0,0,8000,2400,5600
2025-12-12,1541,웹소설,만져도 돼?,차가울(미캉),플로린,100,5,2,0,0,0,0,3,3,0,0,300,90,0,0,300,90,210
2025-12-12,1597,웹소설,언모럴,강윤결,플로린,3000,3,0,0,0,0,0,3,3,0,0,7200,2160,0,0,7200,2160,5040
2025-12-12,1625,웹소설,유실,별보라,플로린,4000,3,0,0,0,0,0,3,3,0,0,12000,3600,0,0,12000,3600,8400
2025-12-12,1637,웹소설,잠식,피숙혜,플로린,3000,3,0,0,0,0,0,3,3,0,0,9000,2700,0,0,9000,2700,6300
2025-12-12,1665,웹소설,황리비가,별보라,플로린,2700,6,0,0,0,0,0,6,6,0,0,16200,4860,0,0,16200,4860,11340
2025-12-12,1671,웹소설,훼손된 자리에 남은 것은,몽슈,플로린,3500,4,0,0,0,0,0,4,4,0,0,14000,4200,0,0,14000,4200,9800
2025-12-12,1771,웹소설,나의 지랄맞은 도련님 (외전증보개정판),독덕,체셔,3000,2,0,0,0,0,0,2,2,0,0,4500,1350,0,0,4500,1350,3150
2025-12-12,1776,웹소설,미나는 엔딩을 꿈꾼다,Magoing,하트퀸,3000,1,0,0,0,0,0,1,1,0,0,3000,900,0,0,3000,900,2100
2025-12-12,1777,웹소설,검은 뱀의 짝,라쉬,하트퀸,3300,1,0,0,0,0,0,1,1,0,0,3300,990,0,0,3300,990,2310
2025-12-12,2228,웹소설,술김에 황후가 되었습니다,거주자,사막여우,100,2,2,0,0,0,0,0,0,0,0,0,0,0,0,0,0,0
2025-12-12,2397,웹소설,눈 먼 대공비,달율,피오렛,100,262,0,0,0,0,0,262,262,0,0,26200,7860,0,0,26200,7860,18340
2025-12-12,2423,웹소설,베드 파트너,이로이,사막여우,100,2,2,0,0,0,0,0,0,0,0,0,0,0,0,0,0,0
2025-12-12,2511,웹소설,내가 M이라니,죄송한취향,시계토끼,100,1,1,0,0,0,0,0,0,0,0,0,0,0,0,0,0,0
2025-12-12,2600,웹소설,나쁜 전남편 [19금 개정판],모리미,하트퀸,100,33,2,0,0,0,0,31,31,0,0,3100,930,0,0,3100,930,2170
2025-12-12,2643,웹소설,에피소드,유이세스,하트퀸,100,570,30,0,0,0,0,540,540,0,0,54000,16200,0,0,54000,16200,37800
2025-12-12,2689,웹소설,도원향,Magoing,시계토끼,4500,3,0,0,0,0,0,3,3,0,0,10200,3060,0,0,10200,3060,7140
2025-12-12,2693,웹소설,사제님의 비밀스런 교육(Dark),김연서,시계토끼,2800,4,0,0,0,0,0,4,4,0,0,10500,3150,0,0,10500,3150,7350
2025-12-12,2775,웹소설,천년애사(蛇),김연서,시계토끼,3400,2,0,0,0,0,0,2,2,0,0,4900,1470,0,0,4900,1470,3430
2025-12-12,2777,웹소설,벨그레이브 후작가의 사정,님도르신,시계토끼,2000,2,0,0,0,0,0,2,2,0,0,4000,1200,0,0,4000,1200,2800
2025-12-12,3006,웹소설,에피소드 [1부-2부],유이세스,하트퀸,4000,13,0,0,0,0,0,13,13,0,0,53000,15900,0,0,53000,15900,37100
2025-12-12,3007,웹소설,에피소드 [3부-외전],유이세스,하트퀸,4000,8,0,0,0,0,0,8,8,0,0,25500,7650,0,0,25500,7650,17850
2025-12-12,3082,웹소설,입의 혀처럼,강곰곰,하트퀸,3500,1,0,0,0,0,0,1,1,0,0,3500,1050,0,0,3500,1050,2450
2025-12-12,3159,웹소설,엔젤 인 더 우즈,묘묘희,시계토끼,2000,1,0,0,0,0,0,1,1,0,0,2000,600,0,0,2000,600,1400
2025-12-12,3161,웹소설,세이렌,강윤결,시계토끼,3500,2,0,0,0,0,0,2,2,0,0,4500,1350,0,0,4500,1350,3150
2025-12-12,3190,웹소설,욕심 많은 대공비로 살아 볼까 합니다만,애플97,사막여우,100,3,0,0,0,0,0,3,3,0,0,300,90,0,0,300,90,210
2025-12-12,4733,웹소설,마도괴협,윤지겸,마야마루출판사,100,2,2,0,0,0,0,0,0,0,0,0,0,0,0,0,0,0
2025-12-12,4755,웹소설,판단보류,티티맨,M블루,100,3,3,0,0,0,0,0,0,0,0,0,0,0,0,0,0,0
2025-12-12,4765,웹소설,어느 종말의 열애,진9,M블루,100,2,2,0,0,0,0,0,0,0,0,0,0,0,0,0,0,0
2025-12-12,4800,웹소설,찌질한 서브공이 되었습니다.,로보,M블루,100,109,1,0,0,0,0,108,108,0,0,10800,3240,0,0,10800,3240,7560
2025-12-12,4801,웹소설,모노크롬 루머,치율,M블루,100,215,3,0,0,0,0,212,212,0,0,21200,6360,0,0,21200,6360,14840
2025-12-12,4819,웹소설,검마,글작소,마야마루출판사,100,3,3,0,0,0,0,0,0,0,0,0,0,0,0,0,0,0
2025-12-12,4823,웹소설,낙방학사,형상준,마야마루출판사,100,3,3,0,0,0,0,0,0,0,0,0,0,0,0,0,0,0
2025-12-12,5079,웹소설,몽세(夢世),진9,M블루,100,4,4,0,0,0,0,0,0,0,0,0,0,0,0,0,0,0
2025-12-12,12818,웹소설,프리티 키치(Pretty Kitsch),오로지,플로린,3500,3,0,0,0,0,0,3,3,0,0,10500,3150,0,0,10500,3150,7350
2025-12-12,16509,웹소설,마더 올가,포포친,말레피카,100,58,0,0,0,0,0,58,58,0,0,5800,1740,0,0,5800,1740,4060
2025-12-12,16522,웹소설,모범생과 방탕아,휘날리,해피북스투유,100,33,1,0,0,0,0,32,32,0,0,3200,960,0,0,3200,960,2240
2025-12-12,16537,웹소설,루틴을 지켜 주세요!,not81,야간비행,100,159,0,0,0,0,0,159,159,0,0,15900,4770,0,0,15900,4770,11130
2025-12-12,20361,웹소설,아저씨,강태형,하트퀸,100,2,0,0,0,0,0,2,2,0,0,200,60,0,0,200,60,140
2025-12-12,20368,웹소설,버린 남편을 주웠다,김주원,사막여우,100,20,0,0,0,0,0,20,20,0,0,2000,600,0,0,2000,600,1400
2025-12-12,20373,웹소설,미친 S급들과 던전에 떨어졌다,썰매,사막여우,100,225,1,0,0,0,0,224,224,0,0,22400,6720,0,0,22400,6720,15680
2025-12-12,20434,웹소설,[BL] 독방에서 XX,나무요정,체셔,100,84,0,0,0,0,0,84,84,0,0,8400,2520,0,0,8400,2520,5880
2025-12-12,20489,웹소설,독을 품은 꽃,원소희,동행,100,1,1,0,0,0,0,0,0,0,0,0,0,0,0,0,0,0
2025-12-12,20490,웹소설,세자빈이 사라졌다,느녹,마롱,100,5,5,0,0,0,0,0,0,0,0,0,0,0,0,0,0,0
2025-12-12,20493,웹소설,[BL] Repeat Mark: 리핏 마크,카고아기,M블루,100,696,4,0,0,0,0,692,692,0,0,69200,20760,0,0,69200,20760,48440
2025-12-12,20495,웹소설,버림받고 흑막의 계약직 며느리로 살아남기,해슬,리본,100,9,9,0,0,0,0,0,0,0,0,0,0,0,0,0,0,0
2025-12-13,1419,웹소설,끝정,벚꽃그리고,플로린,100,2,2,0,0,0,0,0,0,0,0,0,0,0,0,0,0,0
2025-12-13,1541,웹소설,만져도 돼?,차가울(미캉),플로린,100,20,1,0,0,0,0,19,19,0,0,1900,570,0,0,1900,570,1330
2025-12-13,1557,웹소설,붉게 물들인 밤,비설,플로린,100,1,1,0,0,0,0,0,0,0,0,0,0,0,0,0,0,0
2025-12-13,1676,웹소설,흑막 도련님이 엉덩이 맴매에 집착한다,홍당근,리본,100,1,1,0,0,0,0,0,0,0,0,0,0,0,0,0,0,0
2025-12-13,2423,웹소설,베드 파트너,이로이,사막여우,100,1,1,0,0,0,0,0,0,0,0,0,0,0,0,0,0,0
2025-12-13,2511,웹소설,내가 M이라니,죄송한취향,시계토끼,100,606,18,0,0,0,0,588,588,0,0,58800,17640,0,0,58800,17640,41160
2025-12-13,2513,웹소설,네 마리 포식자들,하얀백지,시계토끼,100,2,0,0,0,0,0,2,2,0,0,200,60,0,0,200,60,140
2025-12-13,2515,웹소설,도원향,Magoing,시계토끼,100,105,0,0,0,0,0,105,105,0,0,10500,3150,0,0,10500,3150,7350
2025-12-13,2600,웹소설,나쁜 전남편 [19금 개정판],모리미,하트퀸,100,1,0,0,0,0,0,1,1,0,0,100,30,0,0,100,30,70
2025-12-13,2643,웹소설,에피소드,유이세스,하트퀸,100,17,16,0,0,0,0,1,1,0,0,100,30,0,0,100,30,70
2025-12-13,2658,웹소설,위험한 오빠 친구,타라,하트퀸,100,18,3,0,0,0,0,15,15,0,0,1500,450,0,0,1500,450,1050
2025-12-13,2777,웹소설,벨그레이브 후작가의 사정,님도르신,시계토끼,2000,2,0,0,0,0,0,2,2,0,0,4000,1200,0,0,4000,1200,2800
2025-12-13,2785,웹소설,공작 부인의 50가지 티 레시피,이지하,피오렛,100,240,0,0,0,0,0,240,240,0,0,24000,7200,0,0,24000,7200,16800
2025-12-13,3138,웹소설,너를 노예로 삼은 것을 후회한다,뮤사203,시계토끼,3500,5,0,0,0,0,0,5,5,0,0,15600,4680,0,0,15600,4680,10920
2025-12-13,3181,웹소설,뜨겁게 박히다,느린돌,사막여우,100,2,2,0,0,0,0,0,0,0,0,0,0,0,0,0,0,0
2025-12-13,3190,웹소설,욕심 많은 대공비로 살아 볼까 합니다만,애플97,사막여우,100,4,0,0,0,0,0,4,4,0,0,400,120,0,0,400,120,280
2025-12-13,3804,웹소설,BL 웹드라마의 남주가 되었다.,쪼꼬빔,M블루,100,147,1,0,0,0,0,146,146,0,0,14600,4380,0,0,14600,4380,10220
2025-12-13,4733,웹소설,마도괴협,윤지겸,마야마루출판사,100,2,2,0,0,0,0,0,0,0,0,0,0,0,0,0,0,0
2025-12-13,4767,웹소설,희생자의 사육법,세람,M블루,100,202,0,0,0,0,0,202,202,0,0,20200,6060,0,0,20200,6060,14140
2025-12-13,4801,웹소설,모노크롬 루머,치율,M블루,100,223,8,0,0,0,0,215,215,0,0,21500,6450,0,0,21500,6450,15050
2025-12-13,4823,웹소설,낙방학사,형상준,마야마루출판사,100,6,6,0,0,0,0,0,0,0,0,0,0,0,0,0,0,0
2025-12-13,6599,웹소설,크고 잘생긴 오빠 친구,채하정,달밤,100,63,0,0,0,0,0,63,63,0,0,6300,1890,0,0,6300,1890,4410
2025-12-13,12084,웹소설,메디시스가의 오메가,코네꼬,야간비행,100,63,3,0,0,0,0,60,60,0,0,6000,1800,0,0,6000,1800,4200
2025-12-13,12273,웹소설,백산리 슈퍼,장노을,야간비행,100,137,0,0,0,0,0,137,137,0,0,13700,4110,0,0,13700,4110,9590
2025-12-13,16509,웹소설,마더 올가,포포친,말레피카,100,58,0,0,0,0,0,58,58,0,0,5800,1740,0,0,5800,1740,4060
2025-12-13,16537,웹소설,루틴을 지켜 주세요!,not81,야간비행,100,164,0,0,0,0,0,164,164,0,0,16400,4920,0,0,16400,4920,11480
2025-12-13,17151,웹소설,칼레이 백작가의 매맞이 하녀,뮤사203,시계토끼,3000,6,0,0,0,0,0,6,6,0,0,18100,5430,0,0,18100,5430,12670
2025-12-13,18997,웹소설,독 안에 든 선생님,그일도,플로린,100,5,5,0,0,0,0,0,0,0,0,0,0,0,0,0,0,0
2025-12-13,19481,웹소설,[BL] 나만 몰랐던 옆집 친구,라도라따,브랜디,1000,1,0,0,0,0,0,1,1,0,0,1000,300,0,0,1000,300,700
2025-12-13,19482,웹소설,[BL] 나를 노리는 옆집 남자,라도라따,브랜디,1000,1,0,0,0,0,0,1,1,0,0,1000,300,0,0,1000,300,700
2025-12-13,19742,웹소설,"남주님, 세 번만 차 주세요",김깡패,리본,100,4,4,0,0,0,0,0,0,0,0,0,0,0,0,0,0,0
2025-12-13,20371,웹소설,실버라이닝 예스터데이,김다현,사막여우,100,197,0,0,0,0,0,197,197,0,0,19700,5910,0,0,19700,5910,13790
2025-12-13,20373,웹소설,미친 S급들과 던전에 떨어졌다,썰매,사막여우,100,234,0,0,0,0,0,234,234,0,0,23400,7020,0,0,23400,7020,16380
2025-12-13,20374,웹소설,금쪽 악역의 뒤처리 중입니다,홍드나,사막여우,100,134,0,0,0,0,0,134,134,0,0,13400,4020,0,0,13400,4020,9380
2025-12-13,20412,웹소설,침대 위의 대표님,왕기대,,100,4,4,0,0,0,0,0,0,0,0,0,0,0,0,0,0,0
2025-12-13,20437,웹소설,황녀의 남편은 셋,필밤,시계토끼,100,65,1,0,0,0,0,64,64,0,0,6400,1920,0,0,6400,1920,4480
2025-12-13,20489,웹소설,독을 품은 꽃,원소희,동행,100,6,6,0,0,0,0,0,0,0,0,0,0,0,0,0,0,0
2025-12-13,20490,웹소설,세자빈이 사라졌다,느녹,마롱,100,4,4,0,0,0,0,0,0,0,0,0,0,0,0,0,0,0
2025-12-13,20491,웹소설,"나를, 안아",차가울(미캉),고트북스,100,73,9,0,0,0,0,64,64,0,0,6400,1920,0,0,6400,1920,4480
2025-12-13,20493,웹소설,[BL] Repeat Mark: 리핏 마크,카고아기,M블루,100,146,7,0,0,0,0,139,139,0,0,13900,4170,0,0,13900,4170,9730
2025-12-13,20495,웹소설,버림받고 흑막의 계약직 며느리로 살아남기,해슬,리본,100,97,2,0,0,0,0,95,95,0,0,9500,2850,0,0,9500,2850,6650
2025-12-14,1419,웹소설,끝정,벚꽃그리고,플로린,100,2,2,0,0,0,0,0,0,0,0,0,0,0,0,0,0,0
2025-12-14,1541,웹소설,만져도 돼?,차가울(미캉),플로린,100,12,1,0,0,0,0,11,11,0,0,1100,330,0,0,1100,330,770
2025-12-14,1597,웹소설,언모럴,강윤결,플로린,3000,3,0,0,0,0,0,3,3,0,0,7200,2160,0,0,7200,2160,5040
2025-12-14,1776,웹소설,미나는 엔딩을 꿈꾼다,Magoing,하트퀸,3000,1,0,0,0,0,0,1,1,0,0,3000,900,0,0,3000,900,2100
2025-12-14,2511,웹소설,내가 M이라니,죄송한취향,시계토끼,100,38,3,0,0,0,0,35,35,0,0,3500,1050,0,0,3500,1050,2450
2025-12-14,2512,웹소설,너를 노예로 삼은 것을 후회한다,뮤사203,시계토끼,100,1,1,0,0,0,0,0,0,0,0,0,0,0,0,0,0,0
2025-12-14,2568,웹소설,한 배를 탄 사이,서루,시계토끼,100,1,0,0,0,0,0,1,1,0,0,100,30,0,0,100,30,70
2025-12-14,2576,웹소설,[BL] 별의 바다,라에르,체셔,100,55,2,0,0,0,0,53,53,0,0,5300,1590,0,0,5300,1590,3710
2025-12-14,2622,웹소설,매끈한 친구 오빠,라쉬,하트퀸,100,1,1,0,0,0,0,0,0,0,0,0,0,0,0,0,0,0
2025-12-14,2637,웹소설,사 온 남편,피야수,하트퀸,100,2,2,0,0,0,0,0,0,0,0,0,0,0,0,0,0,0
2025-12-14,2639,웹소설,삼시색기,달그림 ,하트퀸,100,69,0,0,0,0,0,69,69,0,0,6900,2070,0,0,6900,2070,4830
2025-12-14,2643,웹소설,에피소드,유이세스,하트퀸,100,46,46,0,0,0,0,0,0,0,0,0,0,0,0,0,0,0
2025-12-14,2786,웹소설,청라의 신부,리자은,시계토끼,3000,3,0,0,0,0,0,3,3,0,0,7800,2340,0,0,7800,2340,5460
2025-12-14,3006,웹소설,에피소드 [1부-2부],유이세스,하트퀸,4000,7,0,0,0,0,0,7,7,0,0,28500,8550,0,0,28500,8550,19950
2025-12-14,3007,웹소설,에피소드 [3부-외전],유이세스,하트퀸,4000,8,0,0,0,0,0,8,8,0,0,25500,7650,0,0,25500,7650,17850
2025-12-14,3147,웹소설,부러진 가지를 잡지 마세요,조코피아,시계토끼,3400,4,0,0,0,0,0,4,4,0,0,13600,4080,0,0,13600,4080,9520
2025-12-14,3181,웹소설,뜨겁게 박히다,느린돌,사막여우,100,2,2,0,0,0,0,0,0,0,0,0,0,0,0,0,0,0
2025-12-14,3184,웹소설,몰락,최강토끼,사막여우,100,1,1,0,0,0,0,0,0,0,0,0,0,0,0,0,0,0
2025-12-14,3190,웹소설,욕심 많은 대공비로 살아 볼까 합니다만,애플97,사막여우,100,9,0,0,0,0,0,9,9,0,0,900,270,0,0,900,270,630
2025-12-14,4177,웹소설,예의 없는 짐승,른달,마롱,100,14,2,0,0,0,0,12,12,0,0,1200,360,0,0,1200,360,840
2025-12-14,4733,웹소설,마도괴협,윤지겸,마야마루출판사,100,2,2,0,0,0,0,0,0,0,0,0,0,0,0,0,0,0
2025-12-14,4801,웹소설,모노크롬 루머,치율,M블루,100,5,5,0,0,0,0,0,0,0,0,0,0,0,0,0,0,0
2025-12-14,6599,웹소설,크고 잘생긴 오빠 친구,채하정,달밤,100,63,0,0,0,0,0,63,63,0,0,6300,1890,0,0,6300,1890,4410
2025-12-14,12084,웹소설,메디시스가의 오메가,코네꼬,야간비행,100,27,0,0,0,0,0,27,27,0,0,2700,810,0,0,2700,810,1890
2025-12-14,12818,웹소설,프리티 키치(Pretty Kitsch),오로지,플로린,3500,3,0,0,0,0,0,3,3,0,0,10500,3150,0,0,10500,3150,7350
2025-12-14,13901,웹소설,미제,밤라다,하트퀸,100,49,2,0,0,0,0,47,47,0,0,4700,1410,0,0,4700,1410,3290
2025-12-14,15097,웹소설,미친놈의 집착에서 벗어나는 법,글쓰는아프로디테,시계토끼,3300,2,0,0,0,0,0,2,2,0,0,6600,1980,0,0,6600,1980,4620
2025-12-14,19744,웹소설,너에게 파는 나의 밤 (삽화본),핑캐,해피북스투유,100,2,2,0,0,0,0,0,0,0,0,0,0,0,0,0,0,0
2025-12-14,20373,웹소설,미친 S급들과 던전에 떨어졌다,썰매,사막여우,100,2,0,0,0,0,0,2,2,0,0,200,60,0,0,200,60,140
2025-12-14,20437,웹소설,황녀의 남편은 셋,필밤,시계토끼,100,3,2,0,0,0,0,1,1,0,0,100,30,0,0,100,30,70
2025-12-14,20489,웹소설,독을 품은 꽃,원소희,동행,100,2,2,0,0,0,0,0,0,0,0,0,0,0,0,0,0,0
2025-12-14,20490,웹소설,세자빈이 사라졌다,느녹,마롱,100,2,2,0,0,0,0,0,0,0,0,0,0,0,0,0,0,0
2025-12-14,20491,웹소설,"나를, 안아",차가울(미캉),고트북스,100,31,4,0,0,0,0,27,27,0,0,2700,810,0,0,2700,810,1890
2025-12-14,20493,웹소설,[BL] Repeat Mark: 리핏 마크,카고아기,M블루,100,7,7,0,0,0,0,0,0,0,0,0,0,0,0,0,0,0
2025-12-15,1397,웹소설,7일의 사정,Yulia,래이니북스,100,20,2,0,0,0,0,18,18,0,0,1800,540,0,0,1800,540,1260
2025-12-15,1423,웹소설,귀천상혼 (貴賤相婚),박록주,플로린,3500,2,0,0,0,0,0,2,2,0,0,4300,1290,0,0,4300,1290,3010
2025-12-15,1435,웹소설,내 가짜 남편이 너무 다정하다,mucury,리본,100,110,0,0,0,0,0,110,110,0,0,11000,3300,0,0,11000,3300,7700
2025-12-15,1675,웹소설,흑막 도련님이 엉덩이 맴매에 집착한다,홍당근,리본,2900,1,0,0,0,0,0,1,1,0,0,2900,870,0,0,2900,870,2030
2025-12-15,1782,웹소설,황녀의 남편은 셋,필밤,시계토끼,2200,2,0,0,0,0,0,2,2,0,0,4400,1320,0,0,4400,1320,3080
2025-12-15,1784,웹소설,내가 M이라니,죄송한취향,시계토끼,3000,1,1,0,0,0,0,0,0,0,0,0,0,0,0,0,0,0
2025-12-15,2423,웹소설,베드 파트너,이로이,사막여우,100,3,3,0,0,0,0,0,0,0,0,0,0,0,0,0,0,0
2025-12-15,2511,웹소설,내가 M이라니,죄송한취향,시계토끼,100,415,2,0,0,0,0,413,413,0,0,41300,12390,0,0,41300,12390,28910
2025-12-15,2576,웹소설,[BL] 별의 바다,라에르,체셔,100,7,0,0,0,0,0,7,7,0,0,700,210,0,0,700,210,490
2025-12-15,2622,웹소설,매끈한 친구 오빠,라쉬,하트퀸,100,2,2,0,0,0,0,0,0,0,0,0,0,0,0,0,0,0
2025-12-15,2643,웹소설,에피소드,유이세스,하트퀸,100,106,14,0,0,0,0,92,92,0,0,9200,2760,0,0,9200,2760,6440
2025-12-15,2658,웹소설,위험한 오빠 친구,타라,하트퀸,100,34,0,0,0,0,0,34,34,0,0,3400,1020,0,0,3400,1020,2380
2025-12-15,2702,웹소설,어린 짐승,마뇽,시계토끼,3000,1,0,0,0,0,0,1,1,0,0,3000,900,0,0,3000,900,2100
2025-12-15,2775,웹소설,천년애사(蛇),김연서,시계토끼,3400,2,0,0,0,0,0,2,2,0,0,4900,1470,0,0,4900,1470,3430
2025-12-15,2785,웹소설,공작 부인의 50가지 티 레시피,이지하,피오렛,100,230,0,0,0,0,0,230,230,0,0,23000,6900,0,0,23000,6900,16100
2025-12-15,3006,웹소설,에피소드 [1부-2부],유이세스,하트퀸,4000,1,1,0,0,0,0,0,0,0,0,0,0,0,0,0,0,0
2025-12-15,3042,웹소설,"아빠가 좋아, 오빠가 좋아?",님도르신,하트퀸,2000,2,0,0,0,0,0,2,2,0,0,4000,1200,0,0,4000,1200,2800
2025-12-15,3105,웹소설,오만한 왕녀와 숲의 괴물들,필밤,시계토끼,3200,1,0,0,0,0,0,1,1,0,0,3200,960,0,0,3200,960,2240
2025-12-15,3184,웹소설,몰락,최강토끼,사막여우,100,2,2,0,0,0,0,0,0,0,0,0,0,0,0,0,0,0
2025-12-15,3189,웹소설,죽었던 남편이 계략남으로 돌아왔다,하이엘라,사막여우,100,188,0,0,0,0,0,188,188,0,0,18800,5640,0,0,18800,5640,13160
2025-12-15,3190,웹소설,욕심 많은 대공비로 살아 볼까 합니다만,애플97,사막여우,100,17,0,0,0,0,0,17,17,0,0,1700,510,0,0,1700,510,1190
2025-12-15,3555,웹소설,남편과 파트너 사이,느린돌,사막여우,100,2,2,0,0,0,0,0,0,0,0,0,0,0,0,0,0,0
2025-12-15,4679,웹소설,상냥하지 않은 마법사,은라한,페리윙클,100,224,0,0,0,0,0,224,224,0,0,22400,6720,0,0,22400,6720,15680
2025-12-15,4733,웹소설,마도괴협,윤지겸,마야마루출판사,100,2,2,0,0,0,0,0,0,0,0,0,0,0,0,0,0,0
2025-12-15,4800,웹소설,찌질한 서브공이 되었습니다.,로보,M블루,100,2,2,0,0,0,0,0,0,0,0,0,0,0,0,0,0,0
2025-12-15,4801,웹소설,모노크롬 루머,치율,M블루,100,1,1,0,0,0,0,0,0,0,0,0,0,0,0,0,0,0
2025-12-15,4808,웹소설,인간관찰일지 ,세람,M블루,100,145,4,0,0,0,0,141,141,0,0,14100,4230,0,0,14100,4230,9870
2025-12-15,4823,웹소설,낙방학사,형상준,마야마루출판사,100,6,6,0,0,0,0,0,0,0,0,0,0,0,0,0,0,0
2025-12-15,12084,웹소설,메디시스가의 오메가,코네꼬,야간비행,100,5,0,0,0,0,0,5,5,0,0,500,150,0,0,500,150,350
2025-12-15,13901,웹소설,미제,밤라다,하트퀸,100,9,0,0,0,0,0,9,9,0,0,900,270,0,0,900,270,630
2025-12-15,16792,웹소설,저주 짝꿍을 찾습니다,무가연,페리윙클,100,1,1,0,0,0,0,0,0,0,0,0,0,0,0,0,0,0
2025-12-15,18992,웹소설,결혼의 끝,황한영,영북스,100,3,3,0,0,0,0,0,0,0,0,0,0,0,0,0,0,0
2025-12-15,19744,웹소설,너에게 파는 나의 밤 (삽화본),핑캐,해피북스투유,100,2,2,0,0,0,0,0,0,0,0,0,0,0,0,0,0,0
2025-12-15,20368,웹소설,버린 남편을 주웠다,김주원,사막여우,100,19,4,0,0,0,0,15,15,0,0,1500,450,0,0,1500,450,1050
2025-12-15,20373,웹소설,미친 S급들과 던전에 떨어졌다,썰매,사막여우,100,3,0,0,0,0,0,3,3,0,0,300,90,0,0,300,90,210
2025-12-15,20412,웹소설,침대 위의 대표님,왕기대,,100,2,2,0,0,0,0,0,0,0,0,0,0,0,0,0,0,0
2025-12-15,20434,웹소설,[BL] 독방에서 XX,나무요정,체셔,100,1,1,0,0,0,0,0,0,0,0,0,0,0,0,0,0,0
2025-12-15,20437,웹소설,황녀의 남편은 셋,필밤,시계토끼,100,2,1,0,0,0,0,1,1,0,0,100,30,0,0,100,30,70
2025-12-15,20489,웹소설,독을 품은 꽃,원소희,동행,100,1,1,0,0,0,0,0,0,0,0,0,0,0,0,0,0,0
2025-12-15,20490,웹소설,세자빈이 사라졌다,느녹,마롱,100,1,1,0,0,0,0,0,0,0,0,0,0,0,0,0,0,0
2025-12-15,20491,웹소설,"나를, 안아",차가울(미캉),고트북스,100,4,1,0,0,0,0,3,3,0,0,300,90,0,0,300,90,210
2025-12-15,20493,웹소설,[BL] Repeat Mark: 리핏 마크,카고아기,M블루,100,5,5,0,0,0,0,0,0,0,0,0,0,0,0,0,0,0
2025-12-15,20567,웹소설,재닛 웨일리와 10만 파운드의 상속자,황하담,사막여우,100,4,4,0,0,0,0,0,0,0,0,0,0,0,0,0,0,0
2025-12-16,1419,웹소설,끝정,벚꽃그리고,플로린,100,4,4,0,0,0,0,0,0,0,0,0,0,0,0,0,0,0
2025-12-16,1541,웹소설,만져도 돼?,차가울(미캉),플로린,100,46,1,0,0,0,0,45,45,0,0,4500,1350,0,0,4500,1350,3150
2025-12-16,1569,웹소설,상사와 그런 사이,레이먼,래이니북스,100,1,1,0,0,0,0,0,0,0,0,0,0,0,0,0,0,0
2025-12-16,2511,웹소설,내가 M이라니,죄송한취향,시계토끼,100,18,2,0,0,0,0,16,16,0,0,1600,480,0,0,1600,480,1120
2025-12-16,2513,웹소설,네 마리 포식자들,하얀백지,시계토끼,100,111,0,0,0,0,0,111,111,0,0,11100,3330,0,0,11100,3330,7770
2025-12-16,2533,웹소설,사제님의 비밀스런 교육(Dark),김연서,시계토끼,100,110,0,0,0,0,0,110,110,0,0,11000,3300,0,0,11000,3300,7700
2025-12-16,2627,웹소설,미친놈에게 물리면,해세,하트퀸,100,2,2,0,0,0,0,0,0,0,0,0,0,0,0,0,0,0
2025-12-16,2643,웹소설,에피소드,유이세스,하트퀸,100,521,21,0,0,0,0,500,500,0,0,50000,15000,0,0,50000,15000,35000
2025-12-16,3181,웹소설,뜨겁게 박히다,느린돌,사막여우,100,2,2,0,0,0,0,0,0,0,0,0,0,0,0,0,0,0
2025-12-16,3190,웹소설,욕심 많은 대공비로 살아 볼까 합니다만,애플97,사막여우,100,1,0,0,0,0,0,1,1,0,0,100,30,0,0,100,30,70
2025-12-16,4733,웹소설,마도괴협,윤지겸,마야마루출판사,100,2,2,0,0,0,0,0,0,0,0,0,0,0,0,0,0,0
2025-12-16,4801,웹소설,모노크롬 루머,치율,M블루,100,4,4,0,0,0,0,0,0,0,0,0,0,0,0,0,0,0
2025-12-16,4808,웹소설,인간관찰일지 ,세람,M블루,100,86,0,0,0,0,0,86,86,0,0,8600,2580,0,0,8600,2580,6020
2025-12-16,4823,웹소설,낙방학사,형상준,마야마루출판사,100,6,6,0,0,0,0,0,0,0,0,0,0,0,0,0,0,0
2025-12-16,6197,웹소설,선물 아내,"청산, 연서",사막여우,100,19,2,0,0,0,0,17,17,0,0,1700,510,0,0,1700,510,1190
2025-12-16,6599,웹소설,크고 잘생긴 오빠 친구,채하정,달밤,100,1,0,0,0,0,0,1,1,0,0,100,30,0,0,100,30,70
2025-12-16,12818,웹소설,프리티 키치(Pretty Kitsch),오로지,플로린,3500,3,0,0,0,0,0,3,3,0,0,10500,3150,0,0,10500,3150,7350
2025-12-16,12819,웹소설,달빛 시퀀스,오로지,플로린,2900,2,0,0,0,0,0,2,2,0,0,5700,1710,0,0,5700,1710,3990
2025-12-16,19741,웹소설,흑막을 애아빠로 만들었다,제제,리본,100,2,2,0,0,0,0,0,0,0,0,0,0,0,0,0,0,0
2025-12-16,20361,웹소설,아저씨,강태형,하트퀸,100,2,0,0,0,0,0,2,2,0,0,200,60,0,0,200,60,140
2025-12-16,20368,웹소설,버린 남편을 주웠다,김주원,사막여우,100,47,0,0,0,0,0,47,47,0,0,4700,1410,0,0,4700,1410,3290
2025-12-16,20373,웹소설,미친 S급들과 던전에 떨어졌다,썰매,사막여우,100,14,0,0,0,0,0,14,14,0,0,1400,420,0,0,1400,420,980
2025-12-16,20412,웹소설,침대 위의 대표님,왕기대,,100,3,3,0,0,0,0,0,0,0,0,0,0,0,0,0,0,0
2025-12-16,20490,웹소설,세자빈이 사라졌다,느녹,마롱,100,1,1,0,0,0,0,0,0,0,0,0,0,0,0,0,0,0
2025-12-16,20491,웹소설,"나를, 안아",차가울(미캉),고트북스,100,1,1,0,0,0,0,0,0,0,0,0,0,0,0,0,0,0
2025-12-16,20493,웹소설,[BL] Repeat Mark: 리핏 마크,카고아기,M블루,100,4,2,0,0,0,0,2,2,0,0,200,60,0,0,200,60,140
2025-12-16,20567,웹소설,재닛 웨일리와 10만 파운드의 상속자,황하담,사막여우,100,10,10,0,0,0,0,0,0,0,0,0,0,0,0,0,0,0
2025-12-17,1419,웹소설,끝정,벚꽃그리고,플로린,100,1,1,0,0,0,0,0,0,0,0,0,0,0,0,0,0,0
2025-12-17,1541,웹소설,만져도 돼?,차가울(미캉),플로린,100,53,4,0,0,0,0,49,49,0,0,4900,1470,0,0,4900,1470,3430
2025-12-17,1582,웹소설,스폰,Yulia,래이니북스,100,1,1,0,0,0,0,0,0,0,0,0,0,0,0,0,0,0
2025-12-17,2423,웹소설,베드 파트너,이로이,사막여우,100,5,5,0,0,0,0,0,0,0,0,0,0,0,0,0,0,0
2025-12-17,2424,웹소설,구원하려다 같이 데뷔함,윤선후,야간비행,100,140,0,0,0,0,0,140,140,0,0,14000,4200,0,0,14000,4200,9800
2025-12-17,2511,웹소설,내가 M이라니,죄송한취향,시계토끼,100,4,2,0,0,0,0,2,2,0,0,200,60,0,0,200,60,140
2025-12-17,2513,웹소설,네 마리 포식자들,하얀백지,시계토끼,100,1,1,0,0,0,0,0,0,0,0,0,0,0,0,0,0,0
2025-12-17,2603,웹소설,나쁜 하룻밤 [19세 개정판],셔틀,하트퀸,100,1,0,0,0,0,0,1,1,0,0,100,30,0,0,100,30,70
2025-12-17,2623,웹소설,먼저 결혼부터,연우,하트퀸,100,1,1,0,0,0,0,0,0,0,0,0,0,0,0,0,0,0
2025-12-17,2643,웹소설,에피소드,유이세스,하트퀸,100,10,9,0,0,0,0,1,1,0,0,100,30,0,0,100,30,70
2025-12-17,3181,웹소설,뜨겁게 박히다,느린돌,사막여우,100,1,1,0,0,0,0,0,0,0,0,0,0,0,0,0,0,0
2025-12-17,3190,웹소설,욕심 많은 대공비로 살아 볼까 합니다만,애플97,사막여우,100,1,0,0,0,0,0,1,1,0,0,100,30,0,0,100,30,70
2025-12-17,3555,웹소설,남편과 파트너 사이,느린돌,사막여우,100,3,3,0,0,0,0,0,0,0,0,0,0,0,0,0,0,0
2025-12-17,3804,웹소설,BL 웹드라마의 남주가 되었다.,쪼꼬빔,M블루,100,143,0,0,0,0,0,143,143,0,0,14300,4290,0,0,14300,4290,10010
2025-12-17,4733,웹소설,마도괴협,윤지겸,마야마루출판사,100,2,2,0,0,0,0,0,0,0,0,0,0,0,0,0,0,0
2025-12-17,4801,웹소설,모노크롬 루머,치율,M블루,100,5,5,0,0,0,0,0,0,0,0,0,0,0,0,0,0,0
2025-12-17,4808,웹소설,인간관찰일지 ,세람,M블루,100,88,0,0,0,0,0,88,88,0,0,8800,2640,0,0,8800,2640,6160
2025-12-17,4823,웹소설,낙방학사,형상준,마야마루출판사,100,6,6,0,0,0,0,0,0,0,0,0,0,0,0,0,0,0
2025-12-17,12084,웹소설,메디시스가의 오메가,코네꼬,야간비행,100,3,3,0,0,0,0,0,0,0,0,0,0,0,0,0,0,0
2025-12-17,17151,웹소설,칼레이 백작가의 매맞이 하녀,뮤사203,시계토끼,3000,6,0,0,0,0,0,6,6,0,0,18100,5430,0,0,18100,5430,12670
2025-12-17,18987,웹소설,너를 허락해 줘,채윤경,마롱,100,4,2,0,0,0,0,2,2,0,0,200,60,0,0,200,60,140
2025-12-17,20361,웹소설,아저씨,강태형,하트퀸,100,1,1,0,0,0,0,0,0,0,0,0,0,0,0,0,0,0
2025-12-17,20368,웹소설,버린 남편을 주웠다,김주원,사막여우,100,12,0,0,0,0,0,12,12,0,0,1200,360,0,0,1200,360,840
2025-12-17,20371,웹소설,실버라이닝 예스터데이,김다현,사막여우,100,40,0,0,0,0,0,40,40,0,0,4000,1200,0,0,4000,1200,2800
2025-12-17,20373,웹소설,미친 S급들과 던전에 떨어졌다,썰매,사막여우,100,2,0,0,0,0,0,2,2,0,0,200,60,0,0,200,60,140
2025-12-17,20490,웹소설,세자빈이 사라졌다,느녹,마롱,100,2,2,0,0,0,0,0,0,0,0,0,0,0,0,0,0,0
2025-12-17,20567,웹소설,재닛 웨일리와 10만 파운드의 상속자,황하담,사막여우,100,2,2,0,0,0,0,0,0,0,0,0,0,0,0,0,0,0
2025-12-17,20580,웹소설,힘을 숨겨도 공녀가 제일 강함,설윤영,앨리스,100,2,2,0,0,0,0,0,0,0,0,0,0,0,0,0,0,0
2025-12-18,1419,웹소설,끝정,벚꽃그리고,플로린,100,4,4,0,0,0,0,0,0,0,0,0,0,0,0,0,0,0
2025-12-18,1541,웹소설,만져도 돼?,차가울(미캉),플로린,100,7,1,0,0,0,0,6,6,0,0,600,180,0,0,600,180,420
2025-12-18,2423,웹소설,베드 파트너,이로이,사막여우,100,1,1,0,0,0,0,0,0,0,0,0,0,0,0,0,0,0
2025-12-18,2511,웹소설,내가 M이라니,죄송한취향,시계토끼,100,13,2,0,0,0,0,11,11,0,0,1100,330,0,0,1100,330,770
2025-12-18,2547,웹소설,"역적의 딸, 황후가 되다",녕국,시계토끼,100,1,1,0,0,0,0,0,0,0,0,0,0,0,0,0,0,0
2025-12-18,2643,웹소설,에피소드,유이세스,하트퀸,100,9,9,0,0,0,0,0,0,0,0,0,0,0,0,0,0,0
2025-12-18,2655,웹소설,욕망의 노예계약,황금병아리,하트퀸,100,1,0,0,0,0,0,1,1,0,0,100,30,0,0,100,30,70
2025-12-18,3185,웹소설,제발 멈추지 말아요 ,우아진,사막여우,100,4,4,0,0,0,0,0,0,0,0,0,0,0,0,0,0,0
2025-12-18,3190,웹소설,욕심 많은 대공비로 살아 볼까 합니다만,애플97,사막여우,100,3,0,0,0,0,0,3,3,0,0,300,90,0,0,300,90,210
2025-12-18,4823,웹소설,낙방학사,형상준,마야마루출판사,100,6,6,0,0,0,0,0,0,0,0,0,0,0,0,0,0,0
2025-12-18,6196,웹소설,흔적도 없이,짙은,사막여우,100,1,1,0,0,0,0,0,0,0,0,0,0,0,0,0,0,0
2025-12-18,16792,웹소설,저주 짝꿍을 찾습니다,무가연,페리윙클,100,1,0,0,0,0,0,1,1,0,0,100,30,0,0,100,30,70
2025-12-18,19390,웹소설,[BL] 가면극,사유담,희우,100,10,2,0,0,0,0,8,8,0,0,800,240,0,0,800,240,560
2025-12-18,20373,웹소설,미친 S급들과 던전에 떨어졌다,썰매,사막여우,100,1,0,0,0,0,0,1,1,0,0,100,30,0,0,100,30,70
2025-12-18,20434,웹소설,[BL] 독방에서 XX,나무요정,체셔,100,44,2,0,0,0,0,42,42,0,0,4200,1260,0,0,4200,1260,2940
2025-12-18,20491,웹소설,"나를, 안아",차가울(미캉),고트북스,100,1,0,0,0,0,0,1,1,0,0,100,30,0,0,100,30,70
2025-12-18,20493,웹소설,[BL] Repeat Mark: 리핏 마크,카고아기,M블루,100,351,3,0,0,0,0,348,348,0,0,34800,10440,0,0,34800,10440,24360
2025-12-18,20567,웹소설,재닛 웨일리와 10만 파운드의 상속자,황하담,사막여우,100,1,1,0,0,0,0,0,0,0,0,0,0,0,0,0,0,0
2025-12-18,20580,웹소설,힘을 숨겨도 공녀가 제일 강함,설윤영,앨리스,100,1,1,0,0,0,0,0,0,0,0,0,0,0,0,0,0,0
2025-12-18,20649,웹소설,내 미래만 보이지 않아,베론카,사막여우,100,1,1,0,0,0,0,0,0,0,0,0,0,0,0,0,0,0
2025-12-18,20650,웹소설,악마 공작저에는 성녀가 살고 있다,온우연,사막여우,100,12,12,0,0,0,0,0,0,0,0,0,0,0,0,0,0,0
2025-12-18,20653,웹소설,[BL] 나의 죽음을 위하여,에즈밀,체셔,100,21,4,0,0,0,0,17,17,0,0,1700,510,0,0,1700,510,1190
2025-12-19,1629,웹소설,이혼 예정인 남편과 하룻밤을 보냈다,보리식혜,리본,2800,5,0,0,0,0,0,5,5,0,0,14000,4200,0,0,14000,4200,9800
2025-12-19,2421,웹소설,폭군의 보호자는 악역 마녀입니다,블루라군,사막여우,100,153,0,0,0,0,0,153,153,0,0,15300,4590,0,0,15300,4590,10710
2025-12-19,2511,웹소설,내가 M이라니,죄송한취향,시계토끼,100,17,8,0,0,0,0,9,9,0,0,900,270,0,0,900,270,630
2025-12-19,2583,웹소설,간헐적 파트너,늴리리야,스토린랩,100,3,3,0,0,0,0,0,0,0,0,0,0,0,0,0,0,0
2025-12-19,2643,웹소설,에피소드,유이세스,하트퀸,100,97,56,0,0,0,0,41,41,0,0,4100,1230,0,0,4100,1230,2870
2025-12-19,3190,웹소설,욕심 많은 대공비로 살아 볼까 합니다만,애플97,사막여우,100,1,0,0,0,0,0,1,1,0,0,100,30,0,0,100,30,70
2025-12-19,3555,웹소설,남편과 파트너 사이,느린돌,사막여우,100,3,3,0,0,0,0,0,0,0,0,0,0,0,0,0,0,0
2025-12-19,4801,웹소설,모노크롬 루머,치율,M블루,100,216,1,0,0,0,0,215,215,0,0,21500,6450,0,0,21500,6450,15050
2025-12-19,4823,웹소설,낙방학사,형상준,마야마루출판사,100,6,6,0,0,0,0,0,0,0,0,0,0,0,0,0,0,0
2025-12-19,12084,웹소설,메디시스가의 오메가,코네꼬,야간비행,100,2,2,0,0,0,0,0,0,0,0,0,0,0,0,0,0,0
2025-12-19,16792,웹소설,저주 짝꿍을 찾습니다,무가연,페리윙클,100,3,1,0,0,0,0,2,2,0,0,200,60,0,0,200,60,140
2025-12-19,19390,웹소설,[BL] 가면극,사유담,희우,100,2,0,0,0,0,0,2,2,0,0,200,60,0,0,200,60,140
2025-12-19,20491,웹소설,"나를, 안아",차가울(미캉),고트북스,100,1,1,0,0,0,0,0,0,0,0,0,0,0,0,0,0,0
2025-12-19,20493,웹소설,[BL] Repeat Mark: 리핏 마크,카고아기,M블루,100,2,0,0,0,0,0,2,2,0,0,200,60,0,0,200,60,140
2025-12-19,20579,웹소설,원수는 약혼식장에서 만난다,이서래,앨리스,100,247,0,0,0,0,0,247,247,0,0,24700,7410,0,0,24700,7410,17290
2025-12-19,20580,웹소설,힘을 숨겨도 공녀가 제일 강함,설윤영,앨리스,100,182,2,0,0,0,0,180,180,0,0,18000,5400,0,0,18000,5400,12600
2025-12-19,20648,웹소설,운명계시록,강희자매,사막여우,100,2,2,0,0,0,0,0,0,0,0,0,0,0,0,0,0,0
2025-12-19,20649,웹소설,내 미래만 보이지 않아,베론카,사막여우,100,137,7,0,0,0,0,130,130,0,0,13000,3900,0,0,13000,3900,9100
2025-12-19,20650,웹소설,악마 공작저에는 성녀가 살고 있다,온우연,사막여우,100,14,14,0,0,0,0,0,0,0,0,0,0,0,0,0,0,0
2025-12-19,20653,웹소설,[BL] 나의 죽음을 위하여,에즈밀,체셔,100,184,4,0,0,0,0,180,180,0,0,18000,5400,0,0,18000,5400,12600
2025-12-20,1419,웹소설,끝정,벚꽃그리고,플로린,100,6,6,0,0,0,0,0,0,0,0,0,0,0,0,0,0,0
2025-12-20,1541,웹소설,만져도 돼?,차가울(미캉),플로린,100,10,0,0,0,0,0,10,10,0,0,1000,300,0,0,1000,300,700
2025-12-20,1582,웹소설,스폰,Yulia,래이니북스,100,13,5,0,0,0,0,8,8,0,0,800,240,0,0,800,240,560
2025-12-20,2390,웹소설,악녀의 맞선남이 너무 완벽하다,채주아,피오렛,100,174,0,0,0,0,0,174,174,0,0,17400,5220,0,0,17400,5220,12180
2025-12-20,2423,웹소설,베드 파트너,이로이,사막여우,100,9,9,0,0,0,0,0,0,0,0,0,0,0,0,0,0,0
2025-12-20,2511,웹소설,내가 M이라니,죄송한취향,시계토끼,100,21,6,0,0,0,0,15,15,0,0,1500,450,0,0,1500,450,1050
2025-12-20,2575,웹소설,[BL] 백송의 꽃말,리도반,체셔,100,5,1,0,0,0,0,4,4,0,0,400,120,0,0,400,120,280
2025-12-20,2643,웹소설,에피소드,유이세스,하트퀸,100,57,56,0,0,0,0,1,1,0,0,100,30,0,0,100,30,70
2025-12-20,2658,웹소설,위험한 오빠 친구,타라,하트퀸,100,3,3,0,0,0,0,0,0,0,0,0,0,0,0,0,0,0
2025-12-20,2659,웹소설,유사연애,김유일,하트퀸,100,2,0,0,0,0,0,2,2,0,0,200,60,0,0,200,60,140
2025-12-20,3141,웹소설,결혼 멸망,김담청,시계토끼,3000,1,0,0,0,0,0,1,1,0,0,3000,900,0,0,3000,900,2100
2025-12-20,3190,웹소설,욕심 많은 대공비로 살아 볼까 합니다만,애플97,사막여우,100,1,0,0,0,0,0,1,1,0,0,100,30,0,0,100,30,70
2025-12-20,3555,웹소설,남편과 파트너 사이,느린돌,사막여우,100,2,2,0,0,0,0,0,0,0,0,0,0,0,0,0,0,0
2025-12-20,4801,웹소설,모노크롬 루머,치율,M블루,100,2,2,0,0,0,0,0,0,0,0,0,0,0,0,0,0,0
2025-12-20,4808,웹소설,인간관찰일지 ,세람,M블루,100,81,0,0,0,0,0,81,81,0,0,8100,2430,0,0,8100,2430,5670
2025-12-20,4823,웹소설,낙방학사,형상준,마야마루출판사,100,6,6,0,0,0,0,0,0,0,0,0,0,0,0,0,0,0
2025-12-20,12084,웹소설,메디시스가의 오메가,코네꼬,야간비행,100,4,3,0,0,0,0,1,1,0,0,100,30,0,0,100,30,70
2025-12-20,13901,웹소설,미제,밤라다,하트퀸,100,34,3,0,0,0,0,31,31,0,0,3100,930,0,0,3100,930,2170
2025-12-20,14044,웹소설,별종을 위한 요람과 쇠사슬,빈르,사막여우,100,102,0,0,0,0,0,102,102,0,0,10200,3060,0,0,10200,3060,7140
2025-12-20,14147,웹소설,오만한 주인의 초상화 (15세 개정판), offnun(오프넌),시계토끼,100,1,1,0,0,0,0,0,0,0,0,0,0,0,0,0,0,0
2025-12-20,16792,웹소설,저주 짝꿍을 찾습니다,무가연,페리윙클,100,3,2,0,0,0,0,1,1,0,0,100,30,0,0,100,30,70
2025-12-20,19744,웹소설,너에게 파는 나의 밤 (삽화본),핑캐,해피북스투유,100,1,0,0,0,0,0,1,1,0,0,100,30,0,0,100,30,70
2025-12-20,20361,웹소설,아저씨,강태형,하트퀸,100,1,1,0,0,0,0,0,0,0,0,0,0,0,0,0,0,0
2025-12-20,20373,웹소설,미친 S급들과 던전에 떨어졌다,썰매,사막여우,100,1,0,0,0,0,0,1,1,0,0,100,30,0,0,100,30,70
2025-12-20,20412,웹소설,침대 위의 대표님,왕기대,,100,3,3,0,0,0,0,0,0,0,0,0,0,0,0,0,0,0
2025-12-20,20437,웹소설,황녀의 남편은 셋,필밤,시계토끼,100,1,1,0,0,0,0,0,0,0,0,0,0,0,0,0,0,0
2025-12-20,20489,웹소설,독을 품은 꽃,원소희,동행,100,3,3,0,0,0,0,0,0,0,0,0,0,0,0,0,0,0
2025-12-20,20491,웹소설,"나를, 안아",차가울(미캉),고트북스,100,12,1,0,0,0,0,11,11,0,0,1100,330,0,0,1100,330,770
2025-12-20,20493,웹소설,[BL] Repeat Mark: 리핏 마크,카고아기,M블루,100,3,2,0,0,0,0,1,1,0,0,100,30,0,0,100,30,70
2025-12-20,20580,웹소설,힘을 숨겨도 공녀가 제일 강함,설윤영,앨리스,100,2,2,0,0,0,0,0,0,0,0,0,0,0,0,0,0,0
2025-12-20,20649,웹소설,내 미래만 보이지 않아,베론카,사막여우,100,2,2,0,0,0,0,0,0,0,0,0,0,0,0,0,0,0
2025-12-20,20650,웹소설,악마 공작저에는 성녀가 살고 있다,온우연,사막여우,100,4,4,0,0,0,0,0,0,0,0,0,0,0,0,0,0,0
2025-12-20,20653,웹소설,[BL] 나의 죽음을 위하여,에즈밀,체셔,100,117,0,0,0,0,0,117,117,0,0,11700,3510,0,0,11700,3510,8190
2025-12-21,1419,웹소설,끝정,벚꽃그리고,플로린,100,4,4,0,0,0,0,0,0,0,0,0,0,0,0,0,0,0
2025-12-21,1541,웹소설,만져도 돼?,차가울(미캉),플로린,100,21,0,0,0,0,0,21,21,0,0,2100,630,0,0,2100,630,1470
2025-12-21,1570,웹소설,새비지 캐슬,별보라,플로린,4700,2,0,0,0,0,0,2,2,0,0,9400,2820,0,0,9400,2820,6580
2025-12-21,1582,웹소설,스폰,Yulia,래이니북스,100,1,1,0,0,0,0,0,0,0,0,0,0,0,0,0,0,0
2025-12-21,1595,웹소설,어차피 후회할 거였으면,주은린,리본,3300,5,0,0,0,0,0,5,5,0,0,16500,4950,0,0,16500,4950,11550
2025-12-21,2506,웹소설,"교육입니다, 아가씨",초코요정,시계토끼,100,6,6,0,0,0,0,0,0,0,0,0,0,0,0,0,0,0
2025-12-21,2511,웹소설,내가 M이라니,죄송한취향,시계토끼,100,2,0,0,0,0,0,2,2,0,0,200,60,0,0,200,60,140
2025-12-21,2513,웹소설,네 마리 포식자들,하얀백지,시계토끼,100,6,6,0,0,0,0,0,0,0,0,0,0,0,0,0,0,0
2025-12-21,2533,웹소설,사제님의 비밀스런 교육(Dark),김연서,시계토끼,100,4,4,0,0,0,0,0,0,0,0,0,0,0,0,0,0,0
2025-12-21,2643,웹소설,에피소드,유이세스,하트퀸,100,13,12,0,0,0,0,1,1,0,0,100,30,0,0,100,30,70
2025-12-21,2659,웹소설,유사연애,김유일,하트퀸,100,2,0,0,0,0,0,2,2,0,0,200,60,0,0,200,60,140
2025-12-21,2699,웹소설,폭군의 개,마뇽,시계토끼,3000,1,0,0,0,0,0,1,1,0,0,3000,900,0,0,3000,900,2100
2025-12-21,3190,웹소설,욕심 많은 대공비로 살아 볼까 합니다만,애플97,사막여우,100,2,0,0,0,0,0,2,2,0,0,200,60,0,0,200,60,140
2025-12-21,3554,웹소설,후회해도,짙은,사막여우,100,4,4,0,0,0,0,0,0,0,0,0,0,0,0,0,0,0
2025-12-21,3555,웹소설,남편과 파트너 사이,느린돌,사막여우,100,2,2,0,0,0,0,0,0,0,0,0,0,0,0,0,0,0
2025-12-21,4801,웹소설,모노크롬 루머,치율,M블루,100,4,3,0,0,0,0,1,1,0,0,100,30,0,0,100,30,70
2025-12-21,4808,웹소설,인간관찰일지 ,세람,M블루,100,2,2,0,0,0,0,0,0,0,0,0,0,0,0,0,0,0
2025-12-21,4823,웹소설,낙방학사,형상준,마야마루출판사,100,6,6,0,0,0,0,0,0,0,0,0,0,0,0,0,0,0
2025-12-21,4994,웹소설,흰 리본 맨 허벅지에 벌을 주소서,묘묘희,달밤,100,2,2,0,0,0,0,0,0,0,0,0,0,0,0,0,0,0
2025-12-21,6599,웹소설,크고 잘생긴 오빠 친구,채하정,달밤,100,1,1,0,0,0,0,0,0,0,0,0,0,0,0,0,0,0
2025-12-21,14147,웹소설,오만한 주인의 초상화 (15세 개정판), offnun(오프넌),시계토끼,100,1,1,0,0,0,0,0,0,0,0,0,0,0,0,0,0,0
2025-12-21,16792,웹소설,저주 짝꿍을 찾습니다,무가연,페리윙클,100,4,3,0,0,0,0,1,1,0,0,100,30,0,0,100,30,70
2025-12-21,19740,웹소설,상사몽,별보라,플로린,100,67,0,0,0,0,0,67,67,0,0,6700,2010,0,0,6700,2010,4690
2025-12-21,19741,웹소설,흑막을 애아빠로 만들었다,제제,리본,100,2,2,0,0,0,0,0,0,0,0,0,0,0,0,0,0,0
2025-12-21,19744,웹소설,너에게 파는 나의 밤 (삽화본),핑캐,해피북스투유,100,1,0,0,0,0,0,1,1,0,0,100,30,0,0,100,30,70
2025-12-21,20361,웹소설,아저씨,강태형,하트퀸,100,29,1,0,0,0,0,28,28,0,0,2800,840,0,0,2800,840,1960
2025-12-21,20373,웹소설,미친 S급들과 던전에 떨어졌다,썰매,사막여우,100,2,0,0,0,0,0,2,2,0,0,200,60,0,0,200,60,140
2025-12-21,20412,웹소설,침대 위의 대표님,왕기대,,100,5,2,0,0,0,0,3,3,0,0,300,90,0,0,300,90,210
2025-12-21,20493,웹소설,[BL] Repeat Mark: 리핏 마크,카고아기,M블루,100,1,1,0,0,0,0,0,0,0,0,0,0,0,0,0,0,0
2025-12-21,20648,웹소설,운명계시록,강희자매,사막여우,100,2,2,0,0,0,0,0,0,0,0,0,0,0,0,0,0,0
2025-12-21,20649,웹소설,내 미래만 보이지 않아,베론카,사막여우,100,3,3,0,0,0,0,0,0,0,0,0,0,0,0,0,0,0
2025-12-21,20650,웹소설,악마 공작저에는 성녀가 살고 있다,온우연,사막여우,100,6,6,0,0,0,0,0,0,0,0,0,0,0,0,0,0,0
2025-12-21,20653,웹소설,[BL] 나의 죽음을 위하여,에즈밀,체셔,100,106,0,0,0,0,0,106,106,0,0,10600,3180,0,0,10600,3180,7420
2025-12-22,1419,웹소설,끝정,벚꽃그리고,플로린,100,13,4,0,0,0,0,9,9,0,0,900,270,0,0,900,270,630
2025-12-22,1436,웹소설,내 안의 악마를 위하여,피숙혜,플로린,5000,3,0,0,0,0,0,3,3,0,0,15000,4500,0,0,15000,4500,10500
2025-12-22,1541,웹소설,만져도 돼?,차가울(미캉),플로린,100,1,1,0,0,0,0,0,0,0,0,0,0,0,0,0,0,0
2025-12-22,1569,웹소설,상사와 그런 사이,레이먼,래이니북스,100,2,2,0,0,0,0,0,0,0,0,0,0,0,0,0,0,0
2025-12-22,1582,웹소설,스폰,Yulia,래이니북스,100,3,3,0,0,0,0,0,0,0,0,0,0,0,0,0,0,0
2025-12-22,1603,웹소설,연착(戀着),서단,오브 (Aube),3000,2,0,0,0,0,0,2,2,0,0,6000,1800,0,0,6000,1800,4200
2025-12-22,2422,웹소설,THE 런웨이,Hirachell,사막여우,100,1,1,0,0,0,0,0,0,0,0,0,0,0,0,0,0,0
2025-12-22,2423,웹소설,베드 파트너,이로이,사막여우,100,14,3,0,0,0,0,11,11,0,0,1100,330,0,0,1100,330,770
2025-12-22,2511,웹소설,내가 M이라니,죄송한취향,시계토끼,100,2,2,0,0,0,0,0,0,0,0,0,0,0,0,0,0,0
2025-12-22,2639,웹소설,삼시색기,달그림 ,하트퀸,100,1,1,0,0,0,0,0,0,0,0,0,0,0,0,0,0,0
2025-12-22,2643,웹소설,에피소드,유이세스,하트퀸,100,14,14,0,0,0,0,0,0,0,0,0,0,0,0,0,0,0
2025-12-22,2659,웹소설,유사연애,김유일,하트퀸,100,2,0,0,0,0,0,2,2,0,0,200,60,0,0,200,60,140
2025-12-22,3006,웹소설,에피소드 [1부-2부],유이세스,하트퀸,4000,1,1,0,0,0,0,0,0,0,0,0,0,0,0,0,0,0
2025-12-22,3094,웹소설,[BL] 독방에서 XX,나무요정,체셔,3000,2,0,0,0,0,0,2,2,0,0,4000,1200,0,0,4000,1200,2800
2025-12-22,3101,웹소설,[BL] 별의 몰락,꽃비밀림,체셔,3000,1,0,0,0,0,0,1,1,0,0,3000,900,0,0,3000,900,2100
2025-12-22,3181,웹소설,뜨겁게 박히다,느린돌,사막여우,100,1,1,0,0,0,0,0,0,0,0,0,0,0,0,0,0,0
2025-12-22,3182,웹소설,미드썸머,솧,사막여우,100,1,1,0,0,0,0,0,0,0,0,0,0,0,0,0,0,0
2025-12-22,3184,웹소설,몰락,최강토끼,사막여우,100,3,3,0,0,0,0,0,0,0,0,0,0,0,0,0,0,0
2025-12-22,3190,웹소설,욕심 많은 대공비로 살아 볼까 합니다만,애플97,사막여우,100,1,0,0,0,0,0,1,1,0,0,100,30,0,0,100,30,70
2025-12-22,3555,웹소설,남편과 파트너 사이,느린돌,사막여우,100,7,2,0,0,0,0,5,5,0,0,500,150,0,0,500,150,350
2025-12-22,4801,웹소설,모노크롬 루머,치율,M블루,100,219,4,0,0,0,0,215,215,0,0,21500,6450,0,0,21500,6450,15050
2025-12-22,4823,웹소설,낙방학사,형상준,마야마루출판사,100,6,6,0,0,0,0,0,0,0,0,0,0,0,0,0,0,0
2025-12-22,12084,웹소설,메디시스가의 오메가,코네꼬,야간비행,100,253,2,0,0,0,0,251,251,0,0,25100,7530,0,0,25100,7530,17570
2025-12-22,14276,웹소설,바스테오는 기어오른다,해설피,달리아,3000,3,0,0,0,0,0,3,3,0,0,7200,2160,0,0,7200,2160,5040
2025-12-22,18997,웹소설,독 안에 든 선생님,그일도,플로린,100,103,0,0,0,0,0,103,103,0,0,10300,3090,0,0,10300,3090,7210
2025-12-22,20368,웹소설,버린 남편을 주웠다,김주원,사막여우,100,1,1,0,0,0,0,0,0,0,0,0,0,0,0,0,0,0
2025-12-22,20373,웹소설,미친 S급들과 던전에 떨어졌다,썰매,사막여우,100,1,0,0,0,0,0,1,1,0,0,100,30,0,0,100,30,70
2025-12-22,20412,웹소설,침대 위의 대표님,왕기대,,100,1,1,0,0,0,0,0,0,0,0,0,0,0,0,0,0,0
2025-12-22,20491,웹소설,"나를, 안아",차가울(미캉),고트북스,100,11,1,0,0,0,0,10,10,0,0,1000,300,0,0,1000,300,700
2025-12-22,20493,웹소설,[BL] Repeat Mark: 리핏 마크,카고아기,M블루,100,1,1,0,0,0,0,0,0,0,0,0,0,0,0,0,0,0
2025-12-22,20648,웹소설,운명계시록,강희자매,사막여우,100,1,1,0,0,0,0,0,0,0,0,0,0,0,0,0,0,0
2025-12-22,20649,웹소설,내 미래만 보이지 않아,베론카,사막여우,100,41,10,0,0,0,0,31,31,0,0,3100,930,0,0,3100,930,2170
2025-12-22,20650,웹소설,악마 공작저에는 성녀가 살고 있다,온우연,사막여우,100,291,7,0,0,0,0,284,284,0,0,28400,8520,0,0,28400,8520,19880
2025-12-23,1419,웹소설,끝정,벚꽃그리고,플로린,100,1,0,0,0,0,0,1,1,0,0,100,30,0,0,100,30,70
2025-12-23,1675,웹소설,흑막 도련님이 엉덩이 맴매에 집착한다,홍당근,리본,2900,3,0,0,0,0,0,3,3,0,0,8700,2610,0,0,8700,2610,6090
2025-12-23,1796,웹소설,담보,마뇽,하트퀸,3100,1,0,0,0,0,0,1,1,0,0,3100,930,0,0,3100,930,2170
2025-12-23,2416,웹소설,원작에 없는 북부 공작과 결혼했다,오디열매,피오렛,100,180,0,0,0,0,0,180,180,0,0,18000,5400,0,0,18000,5400,12600
2025-12-23,2421,웹소설,폭군의 보호자는 악역 마녀입니다,블루라군,사막여우,100,3,3,0,0,0,0,0,0,0,0,0,0,0,0,0,0,0
2025-12-23,2423,웹소설,베드 파트너,이로이,사막여우,100,26,3,0,0,0,0,23,23,0,0,2300,690,0,0,2300,690,1610
2025-12-23,2511,웹소설,내가 M이라니,죄송한취향,시계토끼,100,4,2,0,0,0,0,2,2,0,0,200,60,0,0,200,60,140
2025-12-23,2513,웹소설,네 마리 포식자들,하얀백지,시계토끼,100,2,2,0,0,0,0,0,0,0,0,0,0,0,0,0,0,0
2025-12-23,2643,웹소설,에피소드,유이세스,하트퀸,100,34,34,0,0,0,0,0,0,0,0,0,0,0,0,0,0,0
2025-12-23,2659,웹소설,유사연애,김유일,하트퀸,100,2,0,0,0,0,0,2,2,0,0,200,60,0,0,200,60,140
2025-12-23,2693,웹소설,사제님의 비밀스런 교육(Dark),김연서,시계토끼,2800,4,0,0,0,0,0,4,4,0,0,10500,3150,0,0,10500,3150,7350
2025-12-23,3006,웹소설,에피소드 [1부-2부],유이세스,하트퀸,4000,7,0,0,0,0,0,7,7,0,0,28500,8550,0,0,28500,8550,19950
2025-12-23,3007,웹소설,에피소드 [3부-외전],유이세스,하트퀸,4000,8,0,0,0,0,0,8,8,0,0,25500,7650,0,0,25500,7650,17850
2025-12-23,3105,웹소설,오만한 왕녀와 숲의 괴물들,필밤,시계토끼,3200,1,0,0,0,0,0,1,1,0,0,3200,960,0,0,3200,960,2240
2025-12-23,3190,웹소설,욕심 많은 대공비로 살아 볼까 합니다만,애플97,사막여우,100,1,0,0,0,0,0,1,1,0,0,100,30,0,0,100,30,70
2025-12-23,3555,웹소설,남편과 파트너 사이,느린돌,사막여우,100,2,0,0,0,0,0,2,2,0,0,200,60,0,0,200,60,140
2025-12-23,3804,웹소설,BL 웹드라마의 남주가 되었다.,쪼꼬빔,M블루,100,146,0,0,0,0,0,146,146,0,0,14600,4380,0,0,14600,4380,10220
2025-12-23,4767,웹소설,희생자의 사육법,세람,M블루,100,202,0,0,0,0,0,202,202,0,0,20200,6060,0,0,20200,6060,14140
2025-12-23,4800,웹소설,찌질한 서브공이 되었습니다.,로보,M블루,100,111,0,0,0,0,0,111,111,0,0,11100,3330,0,0,11100,3330,7770
2025-12-23,4801,웹소설,모노크롬 루머,치율,M블루,100,2,2,0,0,0,0,0,0,0,0,0,0,0,0,0,0,0
2025-12-23,4823,웹소설,낙방학사,형상준,마야마루출판사,100,6,6,0,0,0,0,0,0,0,0,0,0,0,0,0,0,0
2025-12-23,5119,웹소설,"색귀, 몽",필밤,달밤,100,44,0,0,0,0,0,44,44,0,0,4400,1320,0,0,4400,1320,3080
2025-12-23,5120,웹소설,"색귀, 적",필밤,달밤,100,36,0,0,0,0,0,36,36,0,0,3600,1080,0,0,3600,1080,2520
2025-12-23,5121,웹소설,"색귀, 청",필밤,달밤,100,34,0,0,0,0,0,34,34,0,0,3400,1020,0,0,3400,1020,2380
2025-12-23,14125,웹소설,동티,마뇽,시계토끼,3000,1,0,0,0,0,0,1,1,0,0,3000,900,0,0,3000,900,2100
2025-12-23,14130,웹소설,마녀의 남편,해설피,달리아,3200,3,0,0,0,0,0,3,3,0,0,7600,2280,0,0,7600,2280,5320
2025-12-23,15097,웹소설,미친놈의 집착에서 벗어나는 법,글쓰는아프로디테,시계토끼,3300,2,0,0,0,0,0,2,2,0,0,6600,1980,0,0,6600,1980,4620
2025-12-23,16509,웹소설,마더 올가,포포친,말레피카,100,9,3,0,0,0,0,6,6,0,0,600,180,0,0,600,180,420
2025-12-23,18997,웹소설,독 안에 든 선생님,그일도,플로린,100,103,0,0,0,0,0,103,103,0,0,10300,3090,0,0,10300,3090,7210
2025-12-23,19390,웹소설,[BL] 가면극,사유담,희우,100,4,0,0,0,0,0,4,4,0,0,400,120,0,0,400,120,280
2025-12-23,20412,웹소설,침대 위의 대표님,왕기대,,100,67,3,0,0,0,0,64,64,0,0,6400,1920,0,0,6400,1920,4480
2025-12-23,20434,웹소설,[BL] 독방에서 XX,나무요정,체셔,100,42,0,0,0,0,0,42,42,0,0,4200,1260,0,0,4200,1260,2940
2025-12-23,20437,웹소설,황녀의 남편은 셋,필밤,시계토끼,100,65,1,0,0,0,0,64,64,0,0,6400,1920,0,0,6400,1920,4480
2025-12-23,20489,웹소설,독을 품은 꽃,원소희,동행,100,2,2,0,0,0,0,0,0,0,0,0,0,0,0,0,0,0
2025-12-23,20567,웹소설,재닛 웨일리와 10만 파운드의 상속자,황하담,사막여우,100,115,0,0,0,0,0,115,115,0,0,11500,3450,0,0,11500,3450,8050
2025-12-23,20648,웹소설,운명계시록,강희자매,사막여우,100,2,2,0,0,0,0,0,0,0,0,0,0,0,0,0,0,0
2025-12-23,20649,웹소설,내 미래만 보이지 않아,베론카,사막여우,100,2,2,0,0,0,0,0,0,0,0,0,0,0,0,0,0,0
2025-12-23,20650,웹소설,악마 공작저에는 성녀가 살고 있다,온우연,사막여우,100,2,2,0,0,0,0,0,0,0,0,0,0,0,0,0,0,0
2025-12-23,20653,웹소설,[BL] 나의 죽음을 위하여,에즈밀,체셔,100,109,3,0,0,0,0,106,106,0,0,10600,3180,0,0,10600,3180,7420
2025-12-24,1419,웹소설,끝정,벚꽃그리고,플로린,100,1,1,0,0,0,0,0,0,0,0,0,0,0,0,0,0,0
2025-12-24,1541,웹소설,만져도 돼?,차가울(미캉),플로린,100,72,1,0,0,0,0,71,71,0,0,7100,2130,0,0,7100,2130,4970
2025-12-24,1788,웹소설,"찔레여, 흰 눈이여",한소요,시계토끼,3300,3,0,0,0,0,0,3,3,0,0,9900,2970,0,0,9900,2970,6930
2025-12-24,2228,웹소설,술김에 황후가 되었습니다,거주자,사막여우,100,1,1,0,0,0,0,0,0,0,0,0,0,0,0,0,0,0
2025-12-24,2423,웹소설,베드 파트너,이로이,사막여우,100,24,0,0,0,0,0,24,24,0,0,2400,720,0,0,2400,720,1680
2025-12-24,2511,웹소설,내가 M이라니,죄송한취향,시계토끼,100,2,2,0,0,0,0,0,0,0,0,0,0,0,0,0,0,0
2025-12-24,2643,웹소설,에피소드,유이세스,하트퀸,100,15,15,0,0,0,0,0,0,0,0,0,0,0,0,0,0,0
2025-12-24,2659,웹소설,유사연애,김유일,하트퀸,100,1,0,0,0,0,0,1,1,0,0,100,30,0,0,100,30,70
2025-12-24,2691,웹소설,감히 바라다,김달달,시계토끼,3000,3,0,0,0,0,0,3,3,0,0,9500,2850,0,0,9500,2850,6650
2025-12-24,2792,웹소설,복혼,마뇽,시계토끼,2500,1,0,0,0,0,0,1,1,0,0,2500,750,0,0,2500,750,1750
2025-12-24,3006,웹소설,에피소드 [1부-2부],유이세스,하트퀸,4000,7,0,0,0,0,0,7,7,0,0,28500,8550,0,0,28500,8550,19950
2025-12-24,3007,웹소설,에피소드 [3부-외전],유이세스,하트퀸,4000,8,0,0,0,0,0,8,8,0,0,25500,7650,0,0,25500,7650,17850
2025-12-24,3110,웹소설,극악한 그대를 살리기 위해,유은비,시계토끼,2800,4,0,0,0,0,0,4,4,0,0,11200,3360,0,0,11200,3360,7840
2025-12-24,3181,웹소설,뜨겁게 박히다,느린돌,사막여우,100,1,1,0,0,0,0,0,0,0,0,0,0,0,0,0,0,0
2025-12-24,3190,웹소설,욕심 많은 대공비로 살아 볼까 합니다만,애플97,사막여우,100,2,0,0,0,0,0,2,2,0,0,200,60,0,0,200,60,140
2025-12-24,3555,웹소설,남편과 파트너 사이,느린돌,사막여우,100,35,0,0,0,0,0,35,35,0,0,3500,1050,0,0,3500,1050,2450
2025-12-24,4801,웹소설,모노크롬 루머,치율,M블루,100,3,3,0,0,0,0,0,0,0,0,0,0,0,0,0,0,0
2025-12-24,4823,웹소설,낙방학사,형상준,마야마루출판사,100,3,3,0,0,0,0,0,0,0,0,0,0,0,0,0,0,0
2025-12-24,4826,웹소설,무림서차원,고든.M,마야마루출판사,100,3,3,0,0,0,0,0,0,0,0,0,0,0,0,0,0,0
2025-12-24,4994,웹소설,흰 리본 맨 허벅지에 벌을 주소서,묘묘희,달밤,100,3,3,0,0,0,0,0,0,0,0,0,0,0,0,0,0,0
2025-12-24,6196,웹소설,흔적도 없이,짙은,사막여우,100,11,3,0,0,0,0,8,8,0,0,800,240,0,0,800,240,560
2025-12-24,6599,웹소설,크고 잘생긴 오빠 친구,채하정,달밤,100,1,0,0,0,0,0,1,1,0,0,100,30,0,0,100,30,70
2025-12-24,12818,웹소설,프리티 키치(Pretty Kitsch),오로지,플로린,3500,3,0,0,0,0,0,3,3,0,0,10500,3150,0,0,10500,3150,7350
2025-12-24,12819,웹소설,달빛 시퀀스,오로지,플로린,2900,2,0,0,0,0,0,2,2,0,0,5700,1710,0,0,5700,1710,3990
2025-12-24,13438,웹소설,개의 새끼,목화커피,시계토끼,3400,3,0,0,0,0,0,3,3,0,0,10200,3060,0,0,10200,3060,7140
2025-12-24,14136,웹소설,도망친 길의 종착점,젠킨,시계토끼,3400,3,0,0,0,0,0,3,3,0,0,10200,3060,0,0,10200,3060,7140
2025-12-24,14528,웹소설,새벽의 소네트,수지그린,시계토끼,3000,3,0,0,0,0,0,3,3,0,0,9000,2700,0,0,9000,2700,6300
2025-12-24,16522,웹소설,모범생과 방탕아,휘날리,해피북스투유,100,33,0,0,0,0,0,33,33,0,0,3300,990,0,0,3300,990,2310
2025-12-24,16525,웹소설,무례한 것조차 섹시해,임은경,동행,100,3,1,0,0,0,0,2,2,0,0,200,60,0,0,200,60,140
2025-12-24,17146,웹소설,늪가에 서 있는 나무,한소요,시계토끼,3400,1,0,0,0,0,0,1,1,0,0,3400,1020,0,0,3400,1020,2380
2025-12-24,17151,웹소설,칼레이 백작가의 매맞이 하녀,뮤사203,시계토끼,3000,1,0,0,0,0,0,1,1,0,0,3100,930,0,0,3100,930,2170
2025-12-24,19384,웹소설,인컴플리트,단감,해피북스투유,100,2,2,0,0,0,0,0,0,0,0,0,0,0,0,0,0,0
2025-12-24,19744,웹소설,너에게 파는 나의 밤 (삽화본),핑캐,해피북스투유,100,2,2,0,0,0,0,0,0,0,0,0,0,0,0,0,0,0
2025-12-24,20361,웹소설,아저씨,강태형,하트퀸,100,10,0,0,0,0,0,10,10,0,0,1000,300,0,0,1000,300,700
2025-12-24,20370,웹소설,반역자는 왕이 되기로 했다,바나나폭탄마,사막여우,100,2,0,0,0,0,0,2,2,0,0,200,60,0,0,200,60,140
2025-12-24,20412,웹소설,침대 위의 대표님,왕기대,,100,2,0,0,0,0,0,2,2,0,0,200,60,0,0,200,60,140
2025-12-24,20489,웹소설,독을 품은 꽃,원소희,동행,100,3,3,0,0,0,0,0,0,0,0,0,0,0,0,0,0,0
2025-12-24,20493,웹소설,[BL] Repeat Mark: 리핏 마크,카고아기,M블루,100,2,2,0,0,0,0,0,0,0,0,0,0,0,0,0,0,0
2025-12-24,20495,웹소설,버림받고 흑막의 계약직 며느리로 살아남기,해슬,리본,100,95,0,0,0,0,0,95,95,0,0,9500,2850,0,0,9500,2850,6650
2025-12-24,20649,웹소설,내 미래만 보이지 않아,베론카,사막여우,100,2,2,0,0,0,0,0,0,0,0,0,0,0,0,0,0,0
2025-12-24,20650,웹소설,악마 공작저에는 성녀가 살고 있다,온우연,사막여우,100,2,2,0,0,0,0,0,0,0,0,0,0,0,0,0,0,0
2025-12-25,1442,웹소설,노스페라투,피숙혜,플로린,3000,4,0,0,0,0,0,4,4,0,0,12000,3600,0,0,12000,3600,8400
2025-12-25,1533,웹소설,당신의 아내가 될 수 없다면,박록주,리본,3300,4,0,0,0,0,0,4,4,0,0,13200,3960,0,0,13200,3960,9240
2025-12-25,1541,웹소설,만져도 돼?,차가울(미캉),플로린,100,177,0,0,0,0,0,177,177,0,0,17700,5310,0,0,17700,5310,12390
2025-12-25,1574,웹소설,선셋 글로우,별보라,플로린,3200,4,0,0,0,0,0,4,4,0,0,11100,3330,0,0,11100,3330,7770
2025-12-25,1579,웹소설,슈가 코팅 (Sugar Coating),박온새미로,플로린,3800,2,0,0,0,0,0,2,2,0,0,7600,2280,0,0,7600,2280,5320
2025-12-25,1603,웹소설,연착(戀着),서단,오브 (Aube),3000,2,0,0,0,0,0,2,2,0,0,6000,1800,0,0,6000,1800,4200
2025-12-25,1614,웹소설,우연 다방,상림(메리J),플로린,100,69,0,0,0,0,0,69,69,0,0,6900,2070,0,0,6900,2070,4830
2025-12-25,1645,웹소설,집착 흑막에게 사기결혼 당해버렸다,류드,리본,3000,5,0,0,0,0,0,5,5,0,0,15000,4500,0,0,15000,4500,10500
2025-12-25,1665,웹소설,황리비가,별보라,플로린,2700,3,0,0,0,0,0,3,3,0,0,8100,2430,0,0,8100,2430,5670
2025-12-25,1667,웹소설,후회는 필요 없습니다,백이듬,리본,3000,5,0,0,0,0,0,5,5,0,0,15000,4500,0,0,15000,4500,10500
2025-12-25,1675,웹소설,흑막 도련님이 엉덩이 맴매에 집착한다,홍당근,리본,2900,4,0,0,0,0,0,4,4,0,0,11600,3480,0,0,11600,3480,8120
2025-12-25,1789,웹소설,골드레인,새우깡,체셔,3000,3,0,0,0,0,0,3,3,0,0,7800,2340,0,0,7800,2340,5460
2025-12-25,2228,웹소설,술김에 황후가 되었습니다,거주자,사막여우,100,2,2,0,0,0,0,0,0,0,0,0,0,0,0,0,0,0
2025-12-25,2423,웹소설,베드 파트너,이로이,사막여우,100,27,2,0,0,0,0,25,25,0,0,2500,750,0,0,2500,750,1750
2025-12-25,2424,웹소설,구원하려다 같이 데뷔함,윤선후,야간비행,100,284,0,0,0,0,0,284,284,0,0,28400,8520,0,0,28400,8520,19880
2025-12-25,2511,웹소설,내가 M이라니,죄송한취향,시계토끼,100,24,2,0,0,0,0,22,22,0,0,2200,660,0,0,2200,660,1540
2025-12-25,2513,웹소설,네 마리 포식자들,하얀백지,시계토끼,100,3,0,0,0,0,0,3,3,0,0,300,90,0,0,300,90,210
2025-12-25,2524,웹소설,백치공주,마뇽,시계토끼,100,34,0,0,0,0,0,34,34,0,0,3400,1020,0,0,3400,1020,2380
2025-12-25,2531,웹소설,부러진 가지를 잡지 마세요 [19세 개정판],조코피아,시계토끼,100,129,0,0,0,0,0,129,129,0,0,12900,3870,0,0,12900,3870,9030
2025-12-25,2538,웹소설,악마가 나를 부를 때,마뇽,시계토끼,100,125,0,0,0,0,0,125,125,0,0,12500,3750,0,0,12500,3750,8750
2025-12-25,2545,웹소설,여우가 우는 밤,마뇽,시계토끼,200,16,0,0,0,0,0,16,16,0,0,3200,960,0,0,3200,960,2240
2025-12-25,2547,웹소설,"역적의 딸, 황후가 되다",녕국,시계토끼,100,2,2,0,0,0,0,0,0,0,0,0,0,0,0,0,0,0
2025-12-25,2552,웹소설,음란한 몸,마뇽,시계토끼,200,16,0,0,0,0,0,16,16,0,0,3200,960,0,0,3200,960,2240
2025-12-25,2576,웹소설,[BL] 별의 바다,라에르,체셔,100,62,0,0,0,0,0,62,62,0,0,6200,1860,0,0,6200,1860,4340
2025-12-25,2622,웹소설,매끈한 친구 오빠,라쉬,하트퀸,100,2,2,0,0,0,0,0,0,0,0,0,0,0,0,0,0,0
2025-12-25,2643,웹소설,에피소드,유이세스,하트퀸,100,598,56,0,0,0,0,542,542,0,0,54200,16260,0,0,54200,16260,37940
2025-12-25,2655,웹소설,욕망의 노예계약,황금병아리,하트퀸,100,1,0,0,0,0,0,1,1,0,0,100,30,0,0,100,30,70
2025-12-25,2766,웹소설,시간을 되돌려서,세싹,,2500,3,0,0,0,0,0,3,3,0,0,7500,2250,0,0,7500,2250,5250
2025-12-25,2790,웹소설,밤이여 나뉘어라,마뇽,시계토끼,3500,1,0,0,0,0,0,1,1,0,0,3500,1050,0,0,3500,1050,2450
2025-12-25,2868,웹소설,부부,서미선,하트퀸,3000,2,0,0,0,0,0,2,2,0,0,6000,1800,0,0,6000,1800,4200
2025-12-25,3018,웹소설,비하인드 맞선,김필샤,하트퀸,3600,1,0,0,0,0,0,1,1,0,0,3600,1080,0,0,3600,1080,2520
2025-12-25,3054,웹소설,좋다고 말해,채하정,하트퀸,3600,2,0,0,0,0,0,2,2,0,0,4000,1200,0,0,4000,1200,2800
2025-12-25,3088,웹소설,[BL] 아우토반 로맨스,표고밥,체셔,3300,8,0,0,0,0,0,8,8,0,0,26400,7920,0,0,26400,7920,18480
2025-12-25,3181,웹소설,뜨겁게 박히다,느린돌,사막여우,100,1,1,0,0,0,0,0,0,0,0,0,0,0,0,0,0,0
2025-12-25,3190,웹소설,욕심 많은 대공비로 살아 볼까 합니다만,애플97,사막여우,100,2,0,0,0,0,0,2,2,0,0,200,60,0,0,200,60,140
2025-12-25,3555,웹소설,남편과 파트너 사이,느린돌,사막여우,100,46,0,0,0,0,0,46,46,0,0,4600,1380,0,0,4600,1380,3220
2025-12-25,3796,웹소설,투 롱 투웬티(too long twenty),타이백,마롱,100,81,0,0,0,0,0,81,81,0,0,8100,2430,0,0,8100,2430,5670
2025-12-25,4601,웹소설,"쉿, 소리 내지 마",머스캣,페리윙클,100,61,0,0,0,0,0,61,61,0,0,6100,1830,0,0,6100,1830,4270
2025-12-25,4763,웹소설,오토 리버스(Auto Reverse),박허시,M블루,100,182,0,0,0,0,0,182,182,0,0,18200,5460,0,0,18200,5460,12740
2025-12-25,4767,웹소설,희생자의 사육법,세람,M블루,100,202,0,0,0,0,0,202,202,0,0,20200,6060,0,0,20200,6060,14140
2025-12-25,4800,웹소설,찌질한 서브공이 되었습니다.,로보,M블루,100,111,0,0,0,0,0,111,111,0,0,11100,3330,0,0,11100,3330,7770
2025-12-25,4801,웹소설,모노크롬 루머,치율,M블루,100,215,0,0,0,0,0,215,215,0,0,21500,6450,0,0,21500,6450,15050
2025-12-25,4808,웹소설,인간관찰일지 ,세람,M블루,100,244,1,0,0,0,0,243,243,0,0,24300,7290,0,0,24300,7290,17010
2025-12-25,4826,웹소설,무림서차원,고든.M,마야마루출판사,100,6,6,0,0,0,0,0,0,0,0,0,0,0,0,0,0,0
2025-12-25,4994,웹소설,흰 리본 맨 허벅지에 벌을 주소서,묘묘희,달밤,100,30,0,0,0,0,0,30,30,0,0,3000,900,0,0,3000,900,2100
2025-12-25,4995,웹소설,밤 시중을 잘못 들거든 벌을 주소서,묘묘희,달밤,100,29,0,0,0,0,0,29,29,0,0,2900,870,0,0,2900,870,2030
2025-12-25,5000,웹소설,속궁합,마뇽,달밤,100,16,0,0,0,0,0,16,16,0,0,1600,480,0,0,1600,480,1120
2025-12-25,5005,웹소설,흔해빠진 사이,마뇽,달밤,100,34,0,0,0,0,0,34,34,0,0,3400,1020,0,0,3400,1020,2380
2025-12-25,5792,웹소설,상냥한 족쇄,유슬,해피북스투유,3000,1,0,0,0,0,0,1,1,0,0,3000,900,0,0,3000,900,2100
2025-12-25,6196,웹소설,흔적도 없이,짙은,사막여우,100,2,0,0,0,0,0,2,2,0,0,200,60,0,0,200,60,140
2025-12-25,6595,웹소설,내 남편은 언젠가 나를 배신한다,별고래파이,달밤,100,33,0,0,0,0,0,33,33,0,0,3300,990,0,0,3300,990,2310
2025-12-25,6598,웹소설,벌어진,쓴은,야간비행,100,102,0,0,0,0,0,102,102,0,0,10200,3060,0,0,10200,3060,7140
2025-12-25,12818,웹소설,프리티 키치(Pretty Kitsch),오로지,플로린,3500,3,0,0,0,0,0,3,3,0,0,10500,3150,0,0,10500,3150,7350
2025-12-25,12819,웹소설,달빛 시퀀스,오로지,플로린,2900,4,0,0,0,0,0,4,4,0,0,11400,3420,0,0,11400,3420,7980
2025-12-25,16525,웹소설,무례한 것조차 섹시해,임은경,동행,100,13,0,0,0,0,0,13,13,0,0,1300,390,0,0,1300,390,910
2025-12-25,16792,웹소설,저주 짝꿍을 찾습니다,무가연,페리윙클,100,125,2,0,0,0,0,123,123,0,0,12300,3690,0,0,12300,3690,8610
2025-12-25,18997,웹소설,독 안에 든 선생님,그일도,플로린,100,103,0,0,0,0,0,103,103,0,0,10300,3090,0,0,10300,3090,7210
2025-12-25,19079,웹소설,[BL] 어여쁜 대감마님의 밤,지로ZIRO,브랜디,1000,1,0,0,0,0,0,1,1,0,0,1000,300,0,0,1000,300,700
2025-12-25,19080,웹소설,[BL] 쉽게 끝나지 않을 연애,지로ZIRO,브랜디,1000,1,0,0,0,0,0,1,1,0,0,1000,300,0,0,1000,300,700
2025-12-25,19081,웹소설,[BL] 하나만은 완벽한 친구,서버리나,브랜디,1000,1,0,0,0,0,0,1,1,0,0,1000,300,0,0,1000,300,700
2025-12-25,19082,웹소설,[BL] 욕정 오피스텔,라도라따,브랜디,1000,1,0,0,0,0,0,1,1,0,0,1000,300,0,0,1000,300,700
2025-12-25,19384,웹소설,인컴플리트,단감,해피북스투유,100,1,1,0,0,0,0,0,0,0,0,0,0,0,0,0,0,0
2025-12-25,19432,웹소설,[BL] 사랑하지 않을 너에게,지로ZIRO,브랜디,1000,1,0,0,0,0,0,1,1,0,0,1000,300,0,0,1000,300,700
2025-12-25,19433,웹소설,[BL] 처음이 아니라도 괜찮아,디어화니,브랜디,1000,1,0,0,0,0,0,1,1,0,0,1000,300,0,0,1000,300,700
2025-12-25,19743,웹소설,악당의 가짜 여동생이 되었습니다,채론도,리본,100,134,0,0,0,0,0,134,134,0,0,13400,4020,0,0,13400,4020,9380
2025-12-25,20366,웹소설,눈 먼 공녀로 환생했다,위글블리,사막여우,100,110,0,0,0,0,0,110,110,0,0,11000,3300,0,0,11000,3300,7700
2025-12-25,20368,웹소설,버린 남편을 주웠다,김주원,사막여우,100,4,4,0,0,0,0,0,0,0,0,0,0,0,0,0,0,0
2025-12-25,20412,웹소설,침대 위의 대표님,왕기대,,100,1,1,0,0,0,0,0,0,0,0,0,0,0,0,0,0,0
2025-12-25,20434,웹소설,[BL] 독방에서 XX,나무요정,체셔,100,4,2,0,0,0,0,2,2,0,0,200,60,0,0,200,60,140
2025-12-25,20493,웹소설,[BL] Repeat Mark: 리핏 마크,카고아기,M블루,100,346,0,0,0,0,0,346,346,0,0,34600,10380,0,0,34600,10380,24220
2025-12-25,20648,웹소설,운명계시록,강희자매,사막여우,100,127,0,0,0,0,0,127,127,0,0,12700,3810,0,0,12700,3810,8890
2025-12-25,20650,웹소설,악마 공작저에는 성녀가 살고 있다,온우연,사막여우,100,1,1,0,0,0,0,0,0,0,0,0,0,0,0,0,0,0
2025-12-25,20653,웹소설,[BL] 나의 죽음을 위하여,에즈밀,체셔,100,106,0,0,0,0,0,106,106,0,0,10600,3180,0,0,10600,3180,7420
2025-12-26,1419,웹소설,끝정,벚꽃그리고,플로린,100,1,1,0,0,0,0,0,0,0,0,0,0,0,0,0,0,0
2025-12-26,1425,웹소설,"그러므로, 사랑",피숙혜,플로린,4000,2,0,0,0,0,0,2,2,0,0,8000,2400,0,0,8000,2400,5600
2025-12-26,1436,웹소설,내 안의 악마를 위하여,피숙혜,플로린,5000,1,0,0,0,0,0,1,1,0,0,5000,1500,0,0,5000,1500,3500
2025-12-26,1540,웹소설,만져도 돼? (외전증보판),차가울(미캉),플로린,4000,1,0,0,0,0,0,1,1,0,0,4000,1200,0,0,4000,1200,2800
2025-12-26,1541,웹소설,만져도 돼?,차가울(미캉),플로린,100,84,0,0,0,0,0,84,84,0,0,8400,2520,0,0,8400,2520,5880
2025-12-26,1570,웹소설,새비지 캐슬,별보라,플로린,4700,4,0,0,0,0,0,4,4,0,0,18800,5640,0,0,18800,5640,13160
2025-12-26,1574,웹소설,선셋 글로우,별보라,플로린,3200,8,0,0,0,0,0,8,8,0,0,22200,6660,0,0,22200,6660,15540
2025-12-26,1583,웹소설,시한부 하녀를 위한 복수 지침서,심심,리본,3300,6,0,0,0,0,0,6,6,0,0,19800,5940,0,0,19800,5940,13860
2025-12-26,1597,웹소설,언모럴,강윤결,플로린,3000,3,0,0,0,0,0,3,3,0,0,7200,2160,0,0,7200,2160,5040
2025-12-26,1608,웹소설,오싹한 나의 후배님,벚꽃그리고,고트북스,100,1,1,0,0,0,0,0,0,0,0,0,0,0,0,0,0,0
2025-12-26,1613,웹소설,우연 다방,상림(메리J),플로린,2800,6,0,0,0,0,0,6,6,0,0,13200,3960,0,0,13200,3960,9240
2025-12-26,1625,웹소설,유실,별보라,플로린,4000,3,0,0,0,0,0,3,3,0,0,12000,3600,0,0,12000,3600,8400
2025-12-26,1653,웹소설,파랑이 흐른다 (개정판),별보라,플로린,4000,4,0,0,0,0,0,4,4,0,0,16000,4800,0,0,16000,4800,11200
2025-12-26,1665,웹소설,황리비가,별보라,플로린,2700,12,0,0,0,0,0,12,12,0,0,32400,9720,0,0,32400,9720,22680
2025-12-26,1671,웹소설,훼손된 자리에 남은 것은,몽슈,플로린,3500,4,0,0,0,0,0,4,4,0,0,14000,4200,0,0,14000,4200,9800
2025-12-26,1673,웹소설,흑막 대공의 아이를 주웠다,흰백,리본,2300,5,0,0,0,0,0,5,5,0,0,11500,3450,0,0,11500,3450,8050
2025-12-26,1771,웹소설,나의 지랄맞은 도련님 (외전증보개정판),독덕,체셔,3000,3,0,0,0,0,0,3,3,0,0,7500,2250,0,0,7500,2250,5250
2025-12-26,1782,웹소설,황녀의 남편은 셋,필밤,시계토끼,2200,2,0,0,0,0,0,2,2,0,0,4400,1320,0,0,4400,1320,3080
2025-12-26,1784,웹소설,내가 M이라니,죄송한취향,시계토끼,3000,18,0,0,0,0,0,18,18,0,0,48020,14406,0,0,48020,14406,33614
2025-12-26,1789,웹소설,골드레인,새우깡,체셔,3000,3,0,0,0,0,0,3,3,0,0,7800,2340,0,0,7800,2340,5460
2025-12-26,1790,웹소설,손안에 핀 꽃,강곰곰,하트퀸,3000,2,0,0,0,0,0,2,2,0,0,6000,1800,0,0,6000,1800,4200
2025-12-26,2423,웹소설,베드 파트너,이로이,사막여우,100,3,2,0,0,0,0,1,1,0,0,100,30,0,0,100,30,70
2025-12-26,2424,웹소설,구원하려다 같이 데뷔함,윤선후,야간비행,100,280,0,0,0,0,0,280,280,0,0,28000,8400,0,0,28000,8400,19600
2025-12-26,2511,웹소설,내가 M이라니,죄송한취향,시계토끼,100,379,1,0,0,0,0,378,378,0,0,37800,11340,0,0,37800,11340,26460
2025-12-26,2513,웹소설,네 마리 포식자들,하얀백지,시계토끼,100,122,0,0,0,0,0,122,122,0,0,12200,3660,0,0,12200,3660,8540
2025-12-26,2543,웹소설,어린 짐승,마뇽,시계토끼,200,16,0,0,0,0,0,16,16,0,0,3200,960,0,0,3200,960,2240
2025-12-26,2574,웹소설,[BL] 매화장,이담,체셔,100,69,0,0,0,0,0,69,69,0,0,6900,2070,0,0,6900,2070,4830
2025-12-26,2622,웹소설,매끈한 친구 오빠,라쉬,하트퀸,100,36,0,0,0,0,0,36,36,0,0,3600,1080,0,0,3600,1080,2520
2025-12-26,2630,웹소설,부적절한 재회,신경희,하트퀸,100,2,2,0,0,0,0,0,0,0,0,0,0,0,0,0,0,0
2025-12-26,2635,웹소설,비하인드 더 씬 (Behind the Scene),봉빙,하트퀸,100,43,0,0,0,0,0,43,43,0,0,4300,1290,0,0,4300,1290,3010
2025-12-26,2643,웹소설,에피소드,유이세스,하트퀸,100,554,14,0,0,0,0,540,540,0,0,54000,16200,0,0,54000,16200,37800
2025-12-26,2647,웹소설,영야(永夜),진지충,하트퀸,100,64,0,0,0,0,0,64,64,0,0,6400,1920,0,0,6400,1920,4480
2025-12-26,2680,웹소설,[BL] 우리집에 마왕이 산다,빨딱4,브랜디,1000,1,0,0,0,0,0,1,1,0,0,1000,300,0,0,1000,300,700
2025-12-26,2681,웹소설,[BL] hello my pet,빨딱4,브랜디,1000,1,0,0,0,0,0,1,1,0,0,1000,300,0,0,1000,300,700
2025-12-26,2692,웹소설,울타리를 넘지 마시오,김도희,시계토끼,3000,2,0,0,0,0,0,2,2,0,0,6000,1800,0,0,6000,1800,4200
2025-12-26,2693,웹소설,사제님의 비밀스런 교육(Dark),김연서,시계토끼,2800,4,0,0,0,0,0,4,4,0,0,10500,3150,0,0,10500,3150,7350
2025-12-26,2695,웹소설,여우가 우는 밤,마뇽,시계토끼,3000,1,0,0,0,0,0,1,1,0,0,3000,900,0,0,3000,900,2100
2025-12-26,2696,웹소설,화씨벽,마뇽,시계토끼,2400,1,0,0,0,0,0,1,1,0,0,2400,720,0,0,2400,720,1680
2025-12-26,2698,웹소설,금슬지락,마뇽,시계토끼,2300,1,0,0,0,0,0,1,1,0,0,2300,690,0,0,2300,690,1610
2025-12-26,2699,웹소설,폭군의 개,마뇽,시계토끼,3000,1,0,0,0,0,0,1,1,0,0,3000,900,0,0,3000,900,2100
2025-12-26,2700,웹소설,형제들의 감옥,마뇽,시계토끼,2500,1,0,0,0,0,0,1,1,0,0,2500,750,0,0,2500,750,1750
2025-12-26,2704,웹소설,음란한 몸,마뇽,시계토끼,3000,1,0,0,0,0,0,1,1,0,0,3000,900,0,0,3000,900,2100
2025-12-26,2707,웹소설,취할 취,비향,시계토끼,3200,1,0,0,0,0,0,1,1,0,0,3200,960,0,0,3200,960,2240
2025-12-26,2714,웹소설,여종의 자유,여훈희,시계토끼,3500,1,0,0,0,0,0,1,1,0,0,3500,1050,0,0,3500,1050,2450
2025-12-26,2744,웹소설,클리닉 원장에게 사기당한 것 같습니다,김연산,,100,1,1,0,0,0,0,0,0,0,0,0,0,0,0,0,0,0
2025-12-26,2751,웹소설,키스 온 유어 셔츠(Kiss on your shirt),세놉,,3000,7,0,0,0,0,0,7,7,0,0,19500,5850,0,0,19500,5850,13650
2025-12-26,2777,웹소설,벨그레이브 후작가의 사정,님도르신,시계토끼,2000,2,0,0,0,0,0,2,2,0,0,4000,1200,0,0,4000,1200,2800
2025-12-26,2788,웹소설,검은 산양의 숲,린혜,시계토끼,2600,2,0,0,0,0,0,2,2,0,0,5200,1560,0,0,5200,1560,3640
2025-12-26,2791,웹소설,흑룡의 신부,마뇽,시계토끼,3000,1,0,0,0,0,0,1,1,0,0,3000,900,0,0,3000,900,2100
2025-12-26,2792,웹소설,복혼,마뇽,시계토끼,2500,1,0,0,0,0,0,1,1,0,0,2500,750,0,0,2500,750,1750
2025-12-26,2822,웹소설,짓밟힐수록,라쉬,하트퀸,3300,1,0,0,0,0,0,1,1,0,0,3300,990,0,0,3300,990,2310
2025-12-26,2825,웹소설,안락한 침수,더스티,하트퀸,3200,2,0,0,0,0,0,2,2,0,0,6400,1920,0,0,6400,1920,4480
2025-12-26,2988,웹소설,모노드라마 : 비틀린 사랑,윤해조,하트퀸,3800,1,0,0,0,0,0,1,1,0,0,3800,1140,0,0,3800,1140,2660
2025-12-26,3003,웹소설,위험한 오빠 친구,타라,하트퀸,3000,2,0,0,0,0,0,2,2,0,0,4500,1350,0,0,4500,1350,3150
2025-12-26,3006,웹소설,에피소드 [1부-2부],유이세스,하트퀸,4000,13,0,0,0,0,0,13,13,0,0,53000,15900,0,0,53000,15900,37100
2025-12-26,3007,웹소설,에피소드 [3부-외전],유이세스,하트퀸,4000,16,0,0,0,0,0,16,16,0,0,51000,15300,0,0,51000,15300,35700
2025-12-26,3024,웹소설,미친놈에게 물리면,해세,하트퀸,2800,2,0,0,0,0,0,2,2,0,0,5600,1680,0,0,5600,1680,3920
2025-12-26,3028,웹소설,영야(永夜),진지충,하트퀸,3000,2,0,0,0,0,0,2,2,0,0,6000,1800,0,0,6000,1800,4200
2025-12-26,3064,웹소설,다섯 번째 친구,봉빙,하트퀸,4000,1,0,0,0,0,0,1,1,0,0,4000,1200,0,0,4000,1200,2800
2025-12-26,3071,웹소설,복종하는 밤,마뇽,하트퀸,2300,1,0,0,0,0,0,1,1,0,0,2300,690,0,0,2300,690,1610
2025-12-26,3077,웹소설,은밀한 과외시간,김유일,하트퀸,3500,1,0,0,0,0,0,1,1,0,0,3500,1050,0,0,3500,1050,2450
2025-12-26,3082,웹소설,입의 혀처럼,강곰곰,하트퀸,3500,1,0,0,0,0,0,1,1,0,0,3500,1050,0,0,3500,1050,2450
2025-12-26,3090,웹소설,[BL] 문제적 연애,퍼플캣,체셔,3500,1,0,0,0,0,0,1,1,0,0,3500,1050,0,0,3500,1050,2450
2025-12-26,3091,웹소설,[BL] 손톱과 송곳니,사보,체셔,3200,2,0,0,0,0,0,2,2,0,0,6400,1920,0,0,6400,1920,4480
2025-12-26,3093,웹소설,[BL] 짝사랑에 대하여,삐빔,체셔,3000,4,0,0,0,0,0,4,4,0,0,12000,3600,0,0,12000,3600,8400
2025-12-26,3097,웹소설,[BL] 그새끼 개새끼,짖는중,체셔,2000,1,0,0,0,0,0,1,1,0,0,2000,600,0,0,2000,600,1400
2025-12-26,3098,웹소설,[BL] 시마르글의 개,사약술사,체셔,3300,3,0,0,0,0,0,3,3,0,0,7000,2100,0,0,7000,2100,4900
2025-12-26,3099,웹소설,[BL] 월하담,메릴,체셔,3000,1,0,0,0,0,0,1,1,0,0,3000,900,0,0,3000,900,2100
2025-12-26,3100,웹소설,[BL] 퍼킹 홀리데이,모갱,체셔,2000,2,0,0,0,0,0,2,2,0,0,4000,1200,0,0,4000,1200,2800
2025-12-26,3101,웹소설,[BL] 별의 몰락,꽃비밀림,체셔,3000,1,0,0,0,0,0,1,1,0,0,3000,900,0,0,3000,900,2100
2025-12-26,3102,웹소설,[BL] 오버 더 펜스,티고,체셔,3000,4,0,0,0,0,0,4,4,0,0,10000,3000,0,0,10000,3000,7000
2025-12-26,3112,웹소설,구원의 불꽃은 꺼지지 않는다,밤빛,시계토끼,3200,5,0,0,0,0,0,5,5,0,0,12800,3840,0,0,12800,3840,8960
2025-12-26,3127,웹소설,태양이 단 한 번 찾아와 준다면,채피,시계토끼,3000,4,0,0,0,0,0,4,4,0,0,12000,3600,0,0,12000,3600,8400
2025-12-26,3136,웹소설,무덤가 소나무 숲의 고양이,셀레네,시계토끼,3300,3,0,0,0,0,0,3,3,0,0,9900,2970,0,0,9900,2970,6930
2025-12-26,3143,웹소설,타락 찬미,하얀백지,시계토끼,3200,4,0,0,0,0,0,4,4,0,0,12800,3840,0,0,12800,3840,8960
2025-12-26,3159,웹소설,엔젤 인 더 우즈,묘묘희,시계토끼,2000,1,0,0,0,0,0,1,1,0,0,2000,600,0,0,2000,600,1400
2025-12-26,3180,웹소설,온전하지 못한 관계,하루가 너무 길다,사막여우,100,2,2,0,0,0,0,0,0,0,0,0,0,0,0,0,0,0
2025-12-26,3181,웹소설,뜨겁게 박히다,느린돌,사막여우,100,3,3,0,0,0,0,0,0,0,0,0,0,0,0,0,0,0
2025-12-26,3189,웹소설,죽었던 남편이 계략남으로 돌아왔다,하이엘라,사막여우,100,192,0,0,0,0,0,192,192,0,0,19200,5760,0,0,19200,5760,13440
2025-12-26,3190,웹소설,욕심 많은 대공비로 살아 볼까 합니다만,애플97,사막여우,100,2,0,0,0,0,0,2,2,0,0,200,60,0,0,200,60,140
2025-12-26,3800,웹소설,이런 관심은 곤란합니다,엘모딜,M블루,100,63,0,0,0,0,0,63,63,0,0,6300,1890,0,0,6300,1890,4410
2025-12-26,3804,웹소설,BL 웹드라마의 남주가 되었다.,쪼꼬빔,M블루,100,146,0,0,0,0,0,146,146,0,0,14600,4380,0,0,14600,4380,10220
2025-12-26,4736,웹소설,동생이 영웅이라 꿀 빱니다,로보,M블루,100,290,0,0,0,0,0,290,290,0,0,29000,8700,0,0,29000,8700,20300
2025-12-26,4737,웹소설,반경 50cm 이내 소년,김꽃빵,M블루,100,95,0,0,0,0,0,95,95,0,0,9500,2850,0,0,9500,2850,6650
2025-12-26,4759,웹소설,시루떡깨비,달틈,M블루,100,202,0,0,0,0,0,202,202,0,0,20200,6060,0,0,20200,6060,14140
2025-12-26,4767,웹소설,희생자의 사육법,세람,M블루,100,202,0,0,0,0,0,202,202,0,0,20200,6060,0,0,20200,6060,14140
2025-12-26,4769,웹소설,더블스피크(Doublespeak),수비,M블루,100,111,0,0,0,0,0,111,111,0,0,11100,3330,0,0,11100,3330,7770
2025-12-26,4784,웹소설,반짝이는 빛,수비,M블루,100,108,0,0,0,0,0,108,108,0,0,10800,3240,0,0,10800,3240,7560
2025-12-26,4800,웹소설,찌질한 서브공이 되었습니다.,로보,M블루,100,111,0,0,0,0,0,111,111,0,0,11100,3330,0,0,11100,3330,7770
2025-12-26,4801,웹소설,모노크롬 루머,치율,M블루,100,430,0,0,0,0,0,430,430,0,0,43000,12900,0,0,43000,12900,30100
2025-12-26,4808,웹소설,인간관찰일지 ,세람,M블루,100,81,0,0,0,0,0,81,81,0,0,8100,2430,0,0,8100,2430,5670
2025-12-26,4826,웹소설,무림서차원,고든.M,마야마루출판사,100,6,6,0,0,0,0,0,0,0,0,0,0,0,0,0,0,0
2025-12-26,5006,웹소설,지밀 나인 야행기,마뇽,달밤,100,28,0,0,0,0,0,28,28,0,0,2800,840,0,0,2800,840,1960
2025-12-26,6196,웹소설,흔적도 없이,짙은,사막여우,100,94,0,0,0,0,0,94,94,0,0,9400,2820,0,0,9400,2820,6580
2025-12-26,6219,웹소설,스필 더 티(Spill the tea),심해연,야간비행,100,57,0,0,0,0,0,57,57,0,0,5700,1710,0,0,5700,1710,3990
2025-12-26,6221,웹소설,겁도 없이 지원했습니다!,윈터나잇,야간비행,100,100,0,0,0,0,0,100,100,0,0,10000,3000,0,0,10000,3000,7000
2025-12-26,6598,웹소설,벌어진,쓴은,야간비행,100,1,1,0,0,0,0,0,0,0,0,0,0,0,0,0,0,0
2025-12-26,12084,웹소설,메디시스가의 오메가,코네꼬,야간비행,100,127,0,0,0,0,0,127,127,0,0,12700,3810,0,0,12700,3810,8890
2025-12-26,12273,웹소설,백산리 슈퍼,장노을,야간비행,100,137,0,0,0,0,0,137,137,0,0,13700,4110,0,0,13700,4110,9590
2025-12-26,12818,웹소설,프리티 키치(Pretty Kitsch),오로지,플로린,3500,3,0,0,0,0,0,3,3,0,0,10500,3150,0,0,10500,3150,7350
2025-12-26,13278,웹소설,[BL] 컬러리스트,표고밥,체셔,3400,6,0,0,0,0,0,6,6,0,0,19200,5760,0,0,19200,5760,13440
2025-12-26,13285,웹소설,[BL] 필수불가결 불가항력,문아무개,체셔,3000,6,0,0,0,0,0,6,6,0,0,14400,4320,0,0,14400,4320,10080
2025-12-26,13896,웹소설,[BL] 친구가 다르게 보일 때,지로ZIRO,브랜디,1000,1,0,0,0,0,0,1,1,0,0,1000,300,0,0,1000,300,700
2025-12-26,13901,웹소설,미제,밤라다,하트퀸,100,57,0,0,0,0,0,57,57,0,0,5700,1710,0,0,5700,1710,3990
2025-12-26,13904,웹소설,[BL] 모든 게 특별한 남자의 연애,지로ZIRO,브랜디,1000,1,0,0,0,0,0,1,1,0,0,1000,300,0,0,1000,300,700
2025-12-26,14131,웹소설,[BL] 체이스 앤 체이스,룬명,벨숲,3300,3,0,0,0,0,0,3,3,0,0,9900,2970,0,0,9900,2970,6930
2025-12-26,14169,웹소설,오만한 주인의 초상화,offnun(오프넌),시계토끼,3500,4,0,0,0,0,0,4,4,0,0,14000,4200,0,0,14000,4200,9800
2025-12-26,14173,웹소설,[BL] 비도덕적이고 로맨틱한,쿠므케,미니꼬제,1000,1,0,0,0,0,0,1,1,0,0,1000,300,0,0,1000,300,700
2025-12-26,14175,웹소설,황태자의 첫사랑은 가짜였다,블루틸,달리아,2500,6,0,0,0,0,0,6,6,0,0,13000,3900,0,0,13000,3900,9100
2025-12-26,14176,웹소설,첫사랑에 실패한 마녀는 화친혼을 원한다,사사공,달리아,3000,8,0,0,0,0,0,8,8,0,0,22500,6750,0,0,22500,6750,15750
2025-12-26,14217,웹소설,원수를 사랑하는 법,은라온,사막여우,100,44,0,0,0,0,0,44,44,0,0,4400,1320,0,0,4400,1320,3080
2025-12-26,14272,웹소설,[BL] 몽우: 꿈속에 내리는 비,로라타딘,유즈비,3100,5,0,0,0,0,0,5,5,0,0,14800,4440,0,0,14800,4440,10360
2025-12-26,14273,웹소설,[BL] 내 남자의 남자들에게,디어화니,브랜디,1000,1,0,0,0,0,0,1,1,0,0,1000,300,0,0,1000,300,700
2025-12-26,14283,웹소설,잠자는 공주님,은비령,달밤,100,277,0,0,0,0,0,277,277,0,0,27700,8310,0,0,27700,8310,19390
2025-12-26,14780,웹소설,[BL] 정말 사랑해?,햄은좋맛,미니꼬제,1000,1,0,0,0,0,0,1,1,0,0,1000,300,0,0,1000,300,700
2025-12-26,14783,웹소설,"[BL] 안녕하세요, 아저씨",햄은좋맛,미니꼬제,1000,1,0,0,0,0,0,1,1,0,0,1000,300,0,0,1000,300,700
2025-12-26,14790,웹소설,연하 흑막의 발칙한 구애,온나달,달리아,3200,4,0,0,0,0,0,4,4,0,0,12800,3840,0,0,12800,3840,8960
2025-12-26,14791,웹소설,[BL] 남자인데도 내가 좋다고?,베르시,벨숲,3200,7,0,0,0,0,0,7,7,0,0,20700,6210,0,0,20700,6210,14490
2025-12-26,14793,웹소설,레히나르 백작의 대필 사무소,모드b,앨리스,3200,4,0,0,0,0,0,4,4,0,0,12800,3840,0,0,12800,3840,8960
2025-12-26,15442,웹소설,빚더미 세자,마뇽,야간비행,100,34,0,0,0,0,0,34,34,0,0,3400,1020,0,0,3400,1020,2380
2025-12-26,15513,웹소설,성기사를 삼킨 마녀,김캐럿,달밤,100,73,0,0,0,0,0,73,73,0,0,7300,2190,0,0,7300,2190,5110
2025-12-26,16187,웹소설,[BL] 란테는 뒤돌아보지 않는다,변강허이,유즈비,3400,4,0,0,0,0,0,4,4,0,0,10400,3120,0,0,10400,3120,7280
2025-12-26,16191,웹소설,말하는 대로 될지어다,블랙타이거,달리아,2800,9,0,0,0,0,0,9,9,0,0,25200,7560,0,0,25200,7560,17640
2025-12-26,16525,웹소설,무례한 것조차 섹시해,임은경,동행,100,2,0,0,0,0,0,2,2,0,0,200,60,0,0,200,60,140
2025-12-26,16537,웹소설,루틴을 지켜 주세요!,not81,야간비행,100,323,0,0,0,0,0,323,323,0,0,32300,9690,0,0,32300,9690,22610
2025-12-26,16792,웹소설,저주 짝꿍을 찾습니다,무가연,페리윙클,100,8,6,0,0,0,0,2,2,0,0,200,60,0,0,200,60,140
2025-12-26,17137,웹소설,[BL] 란제리 용병,햄은좋맛,미니꼬제,1000,1,0,0,0,0,0,1,1,0,0,1000,300,0,0,1000,300,700
2025-12-26,18617,웹소설,오빠가 해줄게,진숙,하트퀸,100,4,0,0,0,0,0,4,4,0,0,400,120,0,0,400,120,280
2025-12-26,18985,웹소설,"[BL] 교수님, 나빠요!",이니희,M블루,100,89,0,0,0,0,0,89,89,0,0,8900,2670,0,0,8900,2670,6230
2025-12-26,18986,웹소설,"[BL] 산군, 호랑이라 함은",락담,M블루,100,131,0,0,0,0,0,131,131,0,0,13100,3930,0,0,13100,3930,9170
2025-12-26,19387,웹소설,[BL] 주인님과 개 : 한주인X강하진 시리즈,월하향,희우,100,121,0,0,0,0,0,121,121,0,0,12100,3630,0,0,12100,3630,8470
2025-12-26,19388,웹소설,[BL] XX로 짝사랑에 종지부,월하향,희우,100,22,0,0,0,0,0,22,22,0,0,2200,660,0,0,2200,660,1540
2025-12-26,19389,웹소설,[BL] 세상에 미운 펫은 없다,송의현,희우,100,46,0,0,0,0,0,46,46,0,0,4600,1380,0,0,4600,1380,3220
2025-12-26,19444,웹소설,[BL] 찬란하게 복수하라,디어화니,브랜디,1000,1,0,0,0,0,0,1,1,0,0,1000,300,0,0,1000,300,700
2025-12-26,19480,웹소설,[BL] 욕정 머슴,라도라따,브랜디,1000,1,0,0,0,0,0,1,1,0,0,1000,300,0,0,1000,300,700
2025-12-26,19481,웹소설,[BL] 나만 몰랐던 옆집 친구,라도라따,브랜디,1000,1,0,0,0,0,0,1,1,0,0,1000,300,0,0,1000,300,700
2025-12-26,19482,웹소설,[BL] 나를 노리는 옆집 남자,라도라따,브랜디,1000,1,0,0,0,0,0,1,1,0,0,1000,300,0,0,1000,300,700
2025-12-26,19483,웹소설,[BL] 너를 가질 착한 친구,라도라따,브랜디,1000,1,0,0,0,0,0,1,1,0,0,1000,300,0,0,1000,300,700
2025-12-26,19740,웹소설,상사몽,별보라,플로린,100,44,0,0,0,0,0,44,44,0,0,4400,1320,0,0,4400,1320,3080
2025-12-26,19745,웹소설,아내 자격,핑캐,해피북스투유,100,75,0,0,0,0,0,75,75,0,0,7500,2250,0,0,7500,2250,5250
2025-12-26,20412,웹소설,침대 위의 대표님,왕기대,,100,4,4,0,0,0,0,0,0,0,0,0,0,0,0,0,0,0
2025-12-26,20434,웹소설,[BL] 독방에서 XX,나무요정,체셔,100,3,0,0,0,0,0,3,3,0,0,300,90,0,0,300,90,210
2025-12-26,20491,웹소설,"나를, 안아",차가울(미캉),고트북스,100,23,2,0,0,0,0,21,21,0,0,2100,630,0,0,2100,630,1470
2025-12-26,20493,웹소설,[BL] Repeat Mark: 리핏 마크,카고아기,M블루,100,26,0,0,0,0,0,26,26,0,0,2600,780,0,0,2600,780,1820
2025-12-27,1419,웹소설,끝정,벚꽃그리고,플로린,100,47,8,0,0,0,0,39,39,0,0,3900,1170,0,0,3900,1170,2730
2025-12-27,1448,웹소설,다람쥐 친구에게,베리바,플로린,3500,2,0,0,0,0,0,2,2,0,0,7000,2100,0,0,7000,2100,4900
2025-12-27,1541,웹소설,만져도 돼?,차가울(미캉),플로린,100,42,0,0,0,0,0,42,42,0,0,4200,1260,0,0,4200,1260,2940
2025-12-27,1549,웹소설,물드는 밤,상림(메리J),플로린,100,3,2,0,0,0,0,1,1,0,0,100,30,0,0,100,30,70
2025-12-27,1570,웹소설,새비지 캐슬,별보라,플로린,4700,2,0,0,0,0,0,2,2,0,0,9400,2820,0,0,9400,2820,6580
2025-12-27,1574,웹소설,선셋 글로우,별보라,플로린,3200,8,0,0,0,0,0,8,8,0,0,22200,6660,0,0,22200,6660,15540
2025-12-27,1585,웹소설,아몬 : 헤아릴 수 없는,피숙혜,플로린,2800,6,0,0,0,0,0,6,6,0,0,16800,5040,0,0,16800,5040,11760
2025-12-27,1586,웹소설,아몬 : 헤아릴 수 없는,피숙혜,플로린,100,154,0,0,0,0,0,154,154,0,0,15400,4620,0,0,15400,4620,10780
2025-12-27,1594,웹소설,애원,상림(메리J),플로린,100,89,0,0,0,0,0,89,89,0,0,8900,2670,0,0,8900,2670,6230
2025-12-27,1597,웹소설,언모럴,강윤결,플로린,3000,3,0,0,0,0,0,3,3,0,0,7200,2160,0,0,7200,2160,5040
2025-12-27,1625,웹소설,유실,별보라,플로린,4000,3,0,0,0,0,0,3,3,0,0,12000,3600,0,0,12000,3600,8400
2025-12-27,1629,웹소설,이혼 예정인 남편과 하룻밤을 보냈다,보리식혜,리본,2800,5,0,0,0,0,0,5,5,0,0,14000,4200,0,0,14000,4200,9800
2025-12-27,1637,웹소설,잠식,피숙혜,플로린,3000,3,0,0,0,0,0,3,3,0,0,9000,2700,0,0,9000,2700,6300
2025-12-27,1653,웹소설,파랑이 흐른다 (개정판),별보라,플로린,4000,4,0,0,0,0,0,4,4,0,0,16000,4800,0,0,16000,4800,11200
2025-12-27,1655,웹소설,폭설,비설,플로린,4000,4,0,0,0,0,0,4,4,0,0,8600,2580,0,0,8600,2580,6020
2025-12-27,1665,웹소설,황리비가,별보라,플로린,2700,6,0,0,0,0,0,6,6,0,0,16200,4860,0,0,16200,4860,11340
2025-12-27,1667,웹소설,후회는 필요 없습니다,백이듬,리본,3000,5,0,0,0,0,0,5,5,0,0,15000,4500,0,0,15000,4500,10500
2025-12-27,1671,웹소설,훼손된 자리에 남은 것은,몽슈,플로린,3500,16,0,0,0,0,0,16,16,0,0,56000,16800,0,0,56000,16800,39200
2025-12-27,1675,웹소설,흑막 도련님이 엉덩이 맴매에 집착한다,홍당근,리본,2900,4,0,0,0,0,0,4,4,0,0,11600,3480,0,0,11600,3480,8120
2025-12-27,1677,웹소설,"흑막님, 아이만 키울테니 이혼해주세요",성화영,리본,2700,5,0,0,0,0,0,5,5,0,0,13500,4050,0,0,13500,4050,9450
2025-12-27,1780,웹소설,당신을 다시 사랑할 수밖에 없는 이유,페일핑크,시계토끼,1500,2,0,0,0,0,0,2,2,0,0,3000,900,0,0,3000,900,2100
2025-12-27,1782,웹소설,황녀의 남편은 셋,필밤,시계토끼,2200,2,0,0,0,0,0,2,2,0,0,4400,1320,0,0,4400,1320,3080
2025-12-27,1784,웹소설,내가 M이라니,죄송한취향,시계토끼,3000,9,0,0,0,0,0,9,9,0,0,24010,7203,0,0,24010,7203,16807
2025-12-27,1796,웹소설,담보,마뇽,하트퀸,3100,1,0,0,0,0,0,1,1,0,0,3100,930,0,0,3100,930,2170
2025-12-27,2416,웹소설,원작에 없는 북부 공작과 결혼했다,오디열매,피오렛,100,1,1,0,0,0,0,0,0,0,0,0,0,0,0,0,0,0
2025-12-27,2421,웹소설,폭군의 보호자는 악역 마녀입니다,블루라군,사막여우,100,3,3,0,0,0,0,0,0,0,0,0,0,0,0,0,0,0
2025-12-27,2423,웹소설,베드 파트너,이로이,사막여우,100,91,2,0,0,0,0,89,89,0,0,8900,2670,0,0,8900,2670,6230
2025-12-27,2506,웹소설,"교육입니다, 아가씨",초코요정,시계토끼,100,95,0,0,0,0,0,95,95,0,0,9500,2850,0,0,9500,2850,6650
2025-12-27,2511,웹소설,내가 M이라니,죄송한취향,시계토끼,100,200,2,0,0,0,0,198,198,0,0,19800,5940,0,0,19800,5940,13860
2025-12-27,2513,웹소설,네 마리 포식자들,하얀백지,시계토끼,100,6,6,0,0,0,0,0,0,0,0,0,0,0,0,0,0,0
2025-12-27,2515,웹소설,도원향,Magoing,시계토끼,100,110,0,0,0,0,0,110,110,0,0,11000,3300,0,0,11000,3300,7700
2025-12-27,2533,웹소설,사제님의 비밀스런 교육(Dark),김연서,시계토끼,100,2,2,0,0,0,0,0,0,0,0,0,0,0,0,0,0,0
2025-12-27,2549,웹소설,올가의 배덕한 밀회,필밤,시계토끼,100,1,1,0,0,0,0,0,0,0,0,0,0,0,0,0,0,0
2025-12-27,2557,웹소설,천년애사(蛇),김연서,시계토끼,100,51,0,0,0,0,0,51,51,0,0,5100,1530,0,0,5100,1530,3570
2025-12-27,2611,웹소설,다섯 번째 친구,봉빙,하트퀸,100,44,0,0,0,0,0,44,44,0,0,4400,1320,0,0,4400,1320,3080
2025-12-27,2630,웹소설,부적절한 재회,신경희,하트퀸,100,2,2,0,0,0,0,0,0,0,0,0,0,0,0,0,0,0
2025-12-27,2643,웹소설,에피소드,유이세스,하트퀸,100,557,17,0,0,0,0,540,540,0,0,54000,16200,0,0,54000,16200,37800
2025-12-27,2644,웹소설,엔딩 체인지,정푸른,하트퀸,100,111,0,0,0,0,0,111,111,0,0,11100,3330,0,0,11100,3330,7770
2025-12-27,2689,웹소설,도원향,Magoing,시계토끼,4500,3,0,0,0,0,0,3,3,0,0,10200,3060,0,0,10200,3060,7140
2025-12-27,2692,웹소설,울타리를 넘지 마시오,김도희,시계토끼,3000,1,0,0,0,0,0,1,1,0,0,3000,900,0,0,3000,900,2100
2025-12-27,2693,웹소설,사제님의 비밀스런 교육(Dark),김연서,시계토끼,2800,4,0,0,0,0,0,4,4,0,0,10500,3150,0,0,10500,3150,7350
2025-12-27,2700,웹소설,형제들의 감옥,마뇽,시계토끼,2500,1,0,0,0,0,0,1,1,0,0,2500,750,0,0,2500,750,1750
2025-12-27,2707,웹소설,취할 취,비향,시계토끼,3200,1,0,0,0,0,0,1,1,0,0,3200,960,0,0,3200,960,2240
2025-12-27,2709,웹소설,사하소서,서루,시계토끼,3000,1,0,0,0,0,0,1,1,0,0,3000,900,0,0,3000,900,2100
2025-12-27,2773,웹소설,짐승의 발아래,화연 윤희수,시계토끼,3000,2,0,0,0,0,0,2,2,0,0,6000,1800,0,0,6000,1800,4200
2025-12-27,2774,웹소설,탕녀와 사생아,TeamFB,시계토끼,3000,2,0,0,0,0,0,2,2,0,0,6000,1800,0,0,6000,1800,4200
2025-12-27,2777,웹소설,벨그레이브 후작가의 사정,님도르신,시계토끼,2000,2,0,0,0,0,0,2,2,0,0,4000,1200,0,0,4000,1200,2800
2025-12-27,2787,웹소설,"멈추어라, 순간이여",리콜라,시계토끼,3300,4,0,0,0,0,0,4,4,0,0,13200,3960,0,0,13200,3960,9240
2025-12-27,2788,웹소설,검은 산양의 숲,린혜,시계토끼,2600,2,0,0,0,0,0,2,2,0,0,5200,1560,0,0,5200,1560,3640
2025-12-27,3006,웹소설,에피소드 [1부-2부],유이세스,하트퀸,4000,7,0,0,0,0,0,7,7,0,0,28500,8550,0,0,28500,8550,19950
2025-12-27,3007,웹소설,에피소드 [3부-외전],유이세스,하트퀸,4000,4,0,0,0,0,0,4,4,0,0,16500,4950,0,0,16500,4950,11550
2025-12-27,3036,웹소설,비하인드 더 씬 (Behind the Scene),봉빙,하트퀸,4000,1,0,0,0,0,0,1,1,0,0,4000,1200,0,0,4000,1200,2800
2025-12-27,3042,웹소설,"아빠가 좋아, 오빠가 좋아?",님도르신,하트퀸,2000,2,0,0,0,0,0,2,2,0,0,4000,1200,0,0,4000,1200,2800
2025-12-27,3045,웹소설,유사연애,김유일,하트퀸,3500,2,0,0,0,0,0,2,2,0,0,7000,2100,0,0,7000,2100,4900
2025-12-27,3046,웹소설,속박,김유일,하트퀸,2800,3,0,0,0,0,0,3,3,0,0,8400,2520,0,0,8400,2520,5880
2025-12-27,3064,웹소설,다섯 번째 친구,봉빙,하트퀸,4000,1,0,0,0,0,0,1,1,0,0,4000,1200,0,0,4000,1200,2800
2025-12-27,3069,웹소설,계약 임신,마뇽,하트퀸,2500,1,0,0,0,0,0,1,1,0,0,2500,750,0,0,2500,750,1750
2025-12-27,3070,웹소설,최상위 포식자,마뇽,하트퀸,2700,1,0,0,0,0,0,1,1,0,0,2700,810,0,0,2700,810,1890
2025-12-27,3071,웹소설,복종하는 밤,마뇽,하트퀸,2300,1,0,0,0,0,0,1,1,0,0,2300,690,0,0,2300,690,1610
2025-12-27,3076,웹소설,즐거운 대학생활,김유일,하트퀸,3500,2,0,0,0,0,0,2,2,0,0,4000,1200,0,0,4000,1200,2800
2025-12-27,3077,웹소설,은밀한 과외시간,김유일,하트퀸,3500,1,0,0,0,0,0,1,1,0,0,3500,1050,0,0,3500,1050,2450
2025-12-27,3088,웹소설,[BL] 아우토반 로맨스,표고밥,체셔,3300,4,0,0,0,0,0,4,4,0,0,13200,3960,0,0,13200,3960,9240
2025-12-27,3098,웹소설,[BL] 시마르글의 개,사약술사,체셔,3300,3,0,0,0,0,0,3,3,0,0,7000,2100,0,0,7000,2100,4900
2025-12-27,3105,웹소설,오만한 왕녀와 숲의 괴물들,필밤,시계토끼,3200,1,0,0,0,0,0,1,1,0,0,3200,960,0,0,3200,960,2240
2025-12-27,3117,웹소설,나의 야한 인어 아가씨,정은숙,시계토끼,1000,1,0,0,0,0,0,1,1,0,0,1000,300,0,0,1000,300,700
2025-12-27,3127,웹소설,태양이 단 한 번 찾아와 준다면,채피,시계토끼,3000,4,0,0,0,0,0,4,4,0,0,12000,3600,0,0,12000,3600,8400
2025-12-27,3128,웹소설,집착 황제,차이슬,시계토끼,3500,4,0,0,0,0,0,4,4,0,0,14000,4200,0,0,14000,4200,9800
2025-12-27,3132,웹소설,야만의 영역,은호영,시계토끼,2800,2,0,0,0,0,0,2,2,0,0,5600,1680,0,0,5600,1680,3920
2025-12-27,3138,웹소설,너를 노예로 삼은 것을 후회한다,뮤사203,시계토끼,3500,10,0,0,0,0,0,10,10,0,0,31200,9360,0,0,31200,9360,21840
2025-12-27,3139,웹소설,갇힌 짐승,마뇽,시계토끼,3000,1,0,0,0,0,0,1,1,0,0,3000,900,0,0,3000,900,2100
2025-12-27,3141,웹소설,결혼 멸망,김담청,시계토끼,3000,1,0,0,0,0,0,1,1,0,0,3000,900,0,0,3000,900,2100
2025-12-27,3143,웹소설,타락 찬미,하얀백지,시계토끼,3200,4,0,0,0,0,0,4,4,0,0,12800,3840,0,0,12800,3840,8960
2025-12-27,3144,웹소설,버려진 자들의 구원자,페일핑크,시계토끼,2300,3,0,0,0,0,0,3,3,0,0,6900,2070,0,0,6900,2070,4830
2025-12-27,3145,웹소설,그는 이것을 사랑이라 말한다,준희,시계토끼,3000,3,0,0,0,0,0,3,3,0,0,9000,2700,0,0,9000,2700,6300
2025-12-27,3156,웹소설,한 배를 탄 사이,서루,시계토끼,3300,21,0,0,0,0,0,21,21,0,0,61800,18540,0,0,61800,18540,43260
2025-12-27,3159,웹소설,엔젤 인 더 우즈,묘묘희,시계토끼,2000,1,0,0,0,0,0,1,1,0,0,2000,600,0,0,2000,600,1400
2025-12-27,3161,웹소설,세이렌,강윤결,시계토끼,3500,2,0,0,0,0,0,2,2,0,0,4500,1350,0,0,4500,1350,3150
2025-12-27,3190,웹소설,욕심 많은 대공비로 살아 볼까 합니다만,애플97,사막여우,100,1,0,0,0,0,0,1,1,0,0,100,30,0,0,100,30,70
2025-12-27,3555,웹소설,남편과 파트너 사이,느린돌,사막여우,100,1,1,0,0,0,0,0,0,0,0,0,0,0,0,0,0,0
2025-12-27,3802,웹소설,불가항력 연애담,이노(INO),마롱 ,100,83,0,0,0,0,0,83,83,0,0,8300,2490,0,0,8300,2490,5810
2025-12-27,4273,웹소설,"이번 생은 제대로 키워 드리겠습니다, 폐하!",자하,페리윙클,100,303,0,0,0,0,0,303,303,0,0,30300,9090,0,0,30300,9090,21210
2025-12-27,4601,웹소설,"쉿, 소리 내지 마",머스캣,페리윙클,100,2,2,0,0,0,0,0,0,0,0,0,0,0,0,0,0,0
2025-12-27,4767,웹소설,희생자의 사육법,세람,M블루,100,202,0,0,0,0,0,202,202,0,0,20200,6060,0,0,20200,6060,14140
2025-12-27,4800,웹소설,찌질한 서브공이 되었습니다.,로보,M블루,100,111,0,0,0,0,0,111,111,0,0,11100,3330,0,0,11100,3330,7770
2025-12-27,4801,웹소설,모노크롬 루머,치율,M블루,100,215,0,0,0,0,0,215,215,0,0,21500,6450,0,0,21500,6450,15050
2025-12-27,4808,웹소설,인간관찰일지 ,세람,M블루,100,81,0,0,0,0,0,81,81,0,0,8100,2430,0,0,8100,2430,5670
2025-12-27,4826,웹소설,무림서차원,고든.M,마야마루출판사,100,6,6,0,0,0,0,0,0,0,0,0,0,0,0,0,0,0
2025-12-27,4917,웹소설,불가역적,마뇽,사막여우,100,65,0,0,0,0,0,65,65,0,0,6500,1950,0,0,6500,1950,4550
2025-12-27,5001,웹소설,교태전,마뇽,달밤,100,22,0,0,0,0,0,22,22,0,0,2200,660,0,0,2200,660,1540
2025-12-27,5002,웹소설,신참례,마뇽,달밤,100,25,0,0,0,0,0,25,25,0,0,2500,750,0,0,2500,750,1750
2025-12-27,5003,웹소설,취중음담,마뇽,달밤,100,24,0,0,0,0,0,24,24,0,0,2400,720,0,0,2400,720,1680
2025-12-27,5006,웹소설,지밀 나인 야행기,마뇽,달밤,100,28,0,0,0,0,0,28,28,0,0,2800,840,0,0,2800,840,1960
2025-12-27,5246,웹소설,다정한 미친놈,채우솔,사막여우,100,1,0,0,0,0,0,1,1,0,0,100,30,0,0,100,30,70
2025-12-27,12084,웹소설,메디시스가의 오메가,코네꼬,야간비행,100,127,0,0,0,0,0,127,127,0,0,12700,3810,0,0,12700,3810,8890
2025-12-27,12273,웹소설,백산리 슈퍼,장노을,야간비행,100,137,0,0,0,0,0,137,137,0,0,13700,4110,0,0,13700,4110,9590
2025-12-27,12818,웹소설,프리티 키치(Pretty Kitsch),오로지,플로린,3500,3,0,0,0,0,0,3,3,0,0,10500,3150,0,0,10500,3150,7350
2025-12-27,13434,웹소설,이혼 사유 비밀 수칙,유나리,하트퀸,3200,2,0,0,0,0,0,2,2,0,0,6400,1920,0,0,6400,1920,4480
2025-12-27,14126,웹소설,[BL] 성 주임의 고단한 일주일,비누향중독,유즈비,2500,1,0,0,0,0,0,1,1,0,0,2500,750,0,0,2500,750,1750
2025-12-27,14169,웹소설,오만한 주인의 초상화,offnun(오프넌),시계토끼,3500,4,0,0,0,0,0,4,4,0,0,14000,4200,0,0,14000,4200,9800
2025-12-27,14177,웹소설,"[BL] 소환술사는 맞는데, 이상한 걸 소환합니다",룬명,벨숲,3000,6,0,0,0,0,0,6,6,0,0,18500,5550,0,0,18500,5550,12950
2025-12-27,14221,웹소설,라 실피드,티야베,사막여우,100,151,0,0,0,0,0,151,151,0,0,15100,4530,0,0,15100,4530,10570
2025-12-27,14276,웹소설,바스테오는 기어오른다,해설피,달리아,3000,3,0,0,0,0,0,3,3,0,0,7200,2160,0,0,7200,2160,5040
2025-12-27,14283,웹소설,잠자는 공주님,은비령,달밤,100,44,8,0,0,0,0,36,36,0,0,3600,1080,0,0,3600,1080,2520
2025-12-27,15096,웹소설,증발했던 약혼자가 돌아왔다,백설은,시계토끼,3300,3,0,0,0,0,0,3,3,0,0,9900,2970,0,0,9900,2970,6930
2025-12-27,15097,웹소설,미친놈의 집착에서 벗어나는 법,글쓰는아프로디테,시계토끼,3300,2,0,0,0,0,0,2,2,0,0,6600,1980,0,0,6600,1980,4620
2025-12-27,15442,웹소설,빚더미 세자,마뇽,야간비행,100,34,0,0,0,0,0,34,34,0,0,3400,1020,0,0,3400,1020,2380
2025-12-27,16428,웹소설,첫사랑입니다만,이노(INO),마롱,4000,3,0,0,0,0,0,3,3,0,0,12000,3600,0,0,12000,3600,8400
2025-12-27,16440,웹소설,저승사자의 하룻밤 신부 ,민혜이,마롱,3500,5,0,0,0,0,0,5,5,0,0,17500,5250,0,0,17500,5250,12250
2025-12-27,16450,웹소설,[BL] 퀘스트를 신중하게 수락해야 하는 이유,벨벳해머(AreYOUok),M블루,3000,4,0,0,0,0,0,4,4,0,0,12000,3600,0,0,12000,3600,8400
2025-12-27,16497,웹소설,비꽃 (개정판),이노(INO),마롱,100,80,0,0,0,0,0,80,80,0,0,8000,2400,0,0,8000,2400,5600
2025-12-27,16537,웹소설,루틴을 지켜 주세요!,not81,야간비행,100,164,0,0,0,0,0,164,164,0,0,16400,4920,0,0,16400,4920,11480
2025-12-27,16792,웹소설,저주 짝꿍을 찾습니다,무가연,페리윙클,100,6,4,0,0,0,0,2,2,0,0,200,60,0,0,200,60,140
2025-12-27,17137,웹소설,[BL] 란제리 용병,햄은좋맛,미니꼬제,1000,1,0,0,0,0,0,1,1,0,0,1000,300,0,0,1000,300,700
2025-12-27,17147,웹소설,칼레이 백작가의 매맞이 하녀,뮤사203,시계토끼,100,2,2,0,0,0,0,0,0,0,0,0,0,0,0,0,0,0
2025-12-27,17151,웹소설,칼레이 백작가의 매맞이 하녀,뮤사203,시계토끼,3000,12,0,0,0,0,0,12,12,0,0,36200,10860,0,0,36200,10860,25340
2025-12-27,18617,웹소설,오빠가 해줄게,진숙,하트퀸,100,1,0,0,0,0,0,1,1,0,0,100,30,0,0,100,30,70
2025-12-27,18997,웹소설,독 안에 든 선생님,그일도,플로린,100,103,0,0,0,0,0,103,103,0,0,10300,3090,0,0,10300,3090,7210
2025-12-27,18999,웹소설,너의 아내,강윤결,플로린,100,86,0,0,0,0,0,86,86,0,0,8600,2580,0,0,8600,2580,6020
2025-12-27,19388,웹소설,[BL] XX로 짝사랑에 종지부,월하향,희우,100,19,0,0,0,0,0,19,19,0,0,1900,570,0,0,1900,570,1330
2025-12-27,19740,웹소설,상사몽,별보라,플로린,100,67,0,0,0,0,0,67,67,0,0,6700,2010,0,0,6700,2010,4690
2025-12-27,20361,웹소설,아저씨,강태형,하트퀸,100,1,1,0,0,0,0,0,0,0,0,0,0,0,0,0,0,0
2025-12-27,20362,웹소설,오만한 왕녀와 숲의 괴물들,필밤,시계토끼,100,1,1,0,0,0,0,0,0,0,0,0,0,0,0,0,0,0
2025-12-27,20371,웹소설,실버라이닝 예스터데이,김다현,사막여우,100,320,0,0,0,0,0,320,320,0,0,32000,9600,0,0,32000,9600,22400
2025-12-27,20412,웹소설,침대 위의 대표님,왕기대,,100,3,3,0,0,0,0,0,0,0,0,0,0,0,0,0,0,0
2025-12-27,20434,웹소설,[BL] 독방에서 XX,나무요정,체셔,100,75,0,0,0,0,0,75,75,0,0,7500,2250,0,0,7500,2250,5250
2025-12-27,20437,웹소설,황녀의 남편은 셋,필밤,시계토끼,100,1,1,0,0,0,0,0,0,0,0,0,0,0,0,0,0,0
2025-12-27,20489,웹소설,독을 품은 꽃,원소희,동행,100,2,2,0,0,0,0,0,0,0,0,0,0,0,0,0,0,0
2025-12-27,20491,웹소설,"나를, 안아",차가울(미캉),고트북스,100,13,1,0,0,0,0,12,12,0,0,1200,360,0,0,1200,360,840
2025-12-27,20493,웹소설,[BL] Repeat Mark: 리핏 마크,카고아기,M블루,100,346,0,0,0,0,0,346,346,0,0,34600,10380,0,0,34600,10380,24220
2025-12-27,20653,웹소설,[BL] 나의 죽음을 위하여,에즈밀,체셔,100,106,0,0,0,0,0,106,106,0,0,10600,3180,0,0,10600,3180,7420
2025-12-28,1419,웹소설,끝정,벚꽃그리고,플로린,100,8,7,0,0,0,0,1,1,0,0,100,30,0,0,100,30,70
2025-12-28,1541,웹소설,만져도 돼?,차가울(미캉),플로린,100,1,1,0,0,0,0,0,0,0,0,0,0,0,0,0,0,0
2025-12-28,1594,웹소설,애원,상림(메리J),플로린,100,3,3,0,0,0,0,0,0,0,0,0,0,0,0,0,0,0
2025-12-28,2423,웹소설,베드 파트너,이로이,사막여우,100,2,2,0,0,0,0,0,0,0,0,0,0,0,0,0,0,0
2025-12-28,2511,웹소설,내가 M이라니,죄송한취향,시계토끼,100,23,17,0,0,0,0,6,6,0,0,600,180,0,0,600,180,420
2025-12-28,2609,웹소설,너를 아프게 한 밤,쑈체,하트퀸,100,2,2,0,0,0,0,0,0,0,0,0,0,0,0,0,0,0
2025-12-28,2628,웹소설,반짝이는 것은 모두,이밀리,하트퀸,100,2,2,0,0,0,0,0,0,0,0,0,0,0,0,0,0,0
2025-12-28,2643,웹소설,에피소드,유이세스,하트퀸,100,23,23,0,0,0,0,0,0,0,0,0,0,0,0,0,0,0
2025-12-28,2785,웹소설,공작 부인의 50가지 티 레시피,이지하,피오렛,100,5,5,0,0,0,0,0,0,0,0,0,0,0,0,0,0,0
2025-12-28,3006,웹소설,에피소드 [1부-2부],유이세스,하트퀸,4000,1,1,0,0,0,0,0,0,0,0,0,0,0,0,0,0,0
2025-12-28,3182,웹소설,미드썸머,솧,사막여우,100,1,1,0,0,0,0,0,0,0,0,0,0,0,0,0,0,0
2025-12-28,3190,웹소설,욕심 많은 대공비로 살아 볼까 합니다만,애플97,사막여우,100,4,0,0,0,0,0,4,4,0,0,400,120,0,0,400,120,280
2025-12-28,4800,웹소설,찌질한 서브공이 되었습니다.,로보,M블루,100,11,3,0,0,0,0,8,8,0,0,800,240,0,0,800,240,560
2025-12-28,4801,웹소설,모노크롬 루머,치율,M블루,100,6,6,0,0,0,0,0,0,0,0,0,0,0,0,0,0,0
2025-12-28,4826,웹소설,무림서차원,고든.M,마야마루출판사,100,6,6,0,0,0,0,0,0,0,0,0,0,0,0,0,0,0
2025-12-28,13901,웹소설,미제,밤라다,하트퀸,100,4,3,0,0,0,0,1,1,0,0,100,30,0,0,100,30,70
2025-12-28,16792,웹소설,저주 짝꿍을 찾습니다,무가연,페리윙클,100,4,3,0,0,0,0,1,1,0,0,100,30,0,0,100,30,70
2025-12-28,19390,웹소설,[BL] 가면극,사유담,희우,100,1,0,0,0,0,0,1,1,0,0,100,30,0,0,100,30,70
2025-12-28,20434,웹소설,[BL] 독방에서 XX,나무요정,체셔,100,1,1,0,0,0,0,0,0,0,0,0,0,0,0,0,0,0
2025-12-28,20437,웹소설,황녀의 남편은 셋,필밤,시계토끼,100,1,1,0,0,0,0,0,0,0,0,0,0,0,0,0,0,0
2025-12-28,20491,웹소설,"나를, 안아",차가울(미캉),고트북스,100,1,1,0,0,0,0,0,0,0,0,0,0,0,0,0,0,0
2025-12-28,20650,웹소설,악마 공작저에는 성녀가 살고 있다,온우연,사막여우,100,2,2,0,0,0,0,0,0,0,0,0,0,0,0,0,0,0
2025-12-29,1419,웹소설,끝정,벚꽃그리고,플로린,100,8,3,0,0,0,0,5,5,0,0,500,150,0,0,500,150,350
2025-12-29,1541,웹소설,만져도 돼?,차가울(미캉),플로린,100,1,1,0,0,0,0,0,0,0,0,0,0,0,0,0,0,0
2025-12-29,1569,웹소설,상사와 그런 사이,레이먼,래이니북스,100,3,3,0,0,0,0,0,0,0,0,0,0,0,0,0,0,0
2025-12-29,1582,웹소설,스폰,Yulia,래이니북스,100,3,3,0,0,0,0,0,0,0,0,0,0,0,0,0,0,0
2025-12-29,2423,웹소설,베드 파트너,이로이,사막여우,100,1,1,0,0,0,0,0,0,0,0,0,0,0,0,0,0,0
2025-12-29,2511,웹소설,내가 M이라니,죄송한취향,시계토끼,100,7,7,0,0,0,0,0,0,0,0,0,0,0,0,0,0,0
2025-12-29,2533,웹소설,사제님의 비밀스런 교육(Dark),김연서,시계토끼,100,3,3,0,0,0,0,0,0,0,0,0,0,0,0,0,0,0
2025-12-29,2643,웹소설,에피소드,유이세스,하트퀸,100,13,12,0,0,0,0,1,1,0,0,100,30,0,0,100,30,70
2025-12-29,2655,웹소설,욕망의 노예계약,황금병아리,하트퀸,100,4,4,0,0,0,0,0,0,0,0,0,0,0,0,0,0,0
2025-12-29,3181,웹소설,뜨겁게 박히다,느린돌,사막여우,100,4,4,0,0,0,0,0,0,0,0,0,0,0,0,0,0,0
2025-12-29,3190,웹소설,욕심 많은 대공비로 살아 볼까 합니다만,애플97,사막여우,100,11,0,0,0,0,0,11,11,0,0,1100,330,0,0,1100,330,770
2025-12-29,3555,웹소설,남편과 파트너 사이,느린돌,사막여우,100,1,1,0,0,0,0,0,0,0,0,0,0,0,0,0,0,0
2025-12-29,4826,웹소설,무림서차원,고든.M,마야마루출판사,100,6,6,0,0,0,0,0,0,0,0,0,0,0,0,0,0,0
2025-12-29,12818,웹소설,프리티 키치(Pretty Kitsch),오로지,플로린,3500,1,0,0,0,0,0,1,1,0,0,3500,1050,0,0,3500,1050,2450
2025-12-29,16792,웹소설,저주 짝꿍을 찾습니다,무가연,페리윙클,100,2,2,0,0,0,0,0,0,0,0,0,0,0,0,0,0,0
2025-12-29,17147,웹소설,칼레이 백작가의 매맞이 하녀,뮤사203,시계토끼,100,2,2,0,0,0,0,0,0,0,0,0,0,0,0,0,0,0
2025-12-29,19390,웹소설,[BL] 가면극,사유담,희우,100,2,0,0,0,0,0,2,2,0,0,200,60,0,0,200,60,140
2025-12-29,20412,웹소설,침대 위의 대표님,왕기대,,100,3,3,0,0,0,0,0,0,0,0,0,0,0,0,0,0,0
2025-12-29,20491,웹소설,"나를, 안아",차가울(미캉),고트북스,100,2,2,0,0,0,0,0,0,0,0,0,0,0,0,0,0,0
2025-12-29,20649,웹소설,내 미래만 보이지 않아,베론카,사막여우,100,2,2,0,0,0,0,0,0,0,0,0,0,0,0,0,0,0
2025-12-30,1419,웹소설,끝정,벚꽃그리고,플로린,100,5,4,0,0,0,0,1,1,0,0,100,30,0,0,100,30,70
2025-12-30,1541,웹소설,만져도 돼?,차가울(미캉),플로린,100,44,4,0,0,0,0,40,40,0,0,4000,1200,0,0,4000,1200,2800
2025-12-30,2390,웹소설,악녀의 맞선남이 너무 완벽하다,채주아,피오렛,100,1,1,0,0,0,0,0,0,0,0,0,0,0,0,0,0,0
2025-12-30,2423,웹소설,베드 파트너,이로이,사막여우,100,6,6,0,0,0,0,0,0,0,0,0,0,0,0,0,0,0
2025-12-30,2424,웹소설,구원하려다 같이 데뷔함,윤선후,야간비행,100,11,4,0,0,0,0,7,7,0,0,700,210,0,0,700,210,490
2025-12-30,2511,웹소설,내가 M이라니,죄송한취향,시계토끼,100,13,6,0,0,0,0,7,7,0,0,700,210,0,0,700,210,490
2025-12-30,2513,웹소설,네 마리 포식자들,하얀백지,시계토끼,100,3,3,0,0,0,0,0,0,0,0,0,0,0,0,0,0,0
2025-12-30,2643,웹소설,에피소드,유이세스,하트퀸,100,14,14,0,0,0,0,0,0,0,0,0,0,0,0,0,0,0
2025-12-30,2658,웹소설,위험한 오빠 친구,타라,하트퀸,100,3,3,0,0,0,0,0,0,0,0,0,0,0,0,0,0,0
2025-12-30,3184,웹소설,몰락,최강토끼,사막여우,100,1,1,0,0,0,0,0,0,0,0,0,0,0,0,0,0,0
2025-12-30,3190,웹소설,욕심 많은 대공비로 살아 볼까 합니다만,애플97,사막여우,100,2,0,0,0,0,0,2,2,0,0,200,60,0,0,200,60,140
2025-12-30,4177,웹소설,예의 없는 짐승,른달,마롱,100,1,1,0,0,0,0,0,0,0,0,0,0,0,0,0,0,0
2025-12-30,4826,웹소설,무림서차원,고든.M,마야마루출판사,100,6,6,0,0,0,0,0,0,0,0,0,0,0,0,0,0,0
2025-12-30,18617,웹소설,오빠가 해줄게,진숙,하트퀸,100,2,0,0,0,0,0,2,2,0,0,200,60,0,0,200,60,140
2025-12-30,20361,웹소설,아저씨,강태형,하트퀸,100,5,1,0,0,0,0,4,4,0,0,400,120,0,0,400,120,280
2025-12-30,20412,웹소설,침대 위의 대표님,왕기대,,100,4,4,0,0,0,0,0,0,0,0,0,0,0,0,0,0,0
2025-12-30,20437,웹소설,황녀의 남편은 셋,필밤,시계토끼,100,1,1,0,0,0,0,0,0,0,0,0,0,0,0,0,0,0
2025-12-30,20650,웹소설,악마 공작저에는 성녀가 살고 있다,온우연,사막여우,100,1,1,0,0,0,0,0,0,0,0,0,0,0,0,0,0,0
2025-12-31,1397,웹소설,7일의 사정,Yulia,래이니북스,100,8,2,0,0,0,0,6,6,0,0,600,180,0,0,600,180,420
2025-12-31,1419,웹소설,끝정,벚꽃그리고,플로린,100,4,3,0,0,0,0,1,1,0,0,100,30,0,0,100,30,70
2025-12-31,1676,웹소설,흑막 도련님이 엉덩이 맴매에 집착한다,홍당근,리본,100,2,2,0,0,0,0,0,0,0,0,0,0,0,0,0,0,0
2025-12-31,2423,웹소설,베드 파트너,이로이,사막여우,100,2,2,0,0,0,0,0,0,0,0,0,0,0,0,0,0,0
2025-12-31,2424,웹소설,구원하려다 같이 데뷔함,윤선후,야간비행,100,52,0,0,0,0,0,52,52,0,0,5200,1560,0,0,5200,1560,3640
2025-12-31,2511,웹소설,내가 M이라니,죄송한취향,시계토끼,100,12,10,0,0,0,0,2,2,0,0,200,60,0,0,200,60,140
2025-12-31,2552,웹소설,음란한 몸,마뇽,시계토끼,200,6,1,0,0,0,0,5,5,0,0,1000,300,0,0,1000,300,700
2025-12-31,2603,웹소설,나쁜 하룻밤 [19세 개정판],셔틀,하트퀸,100,1,0,0,0,0,0,1,1,0,0,100,30,0,0,100,30,70
2025-12-31,2630,웹소설,부적절한 재회,신경희,하트퀸,100,4,4,0,0,0,0,0,0,0,0,0,0,0,0,0,0,0
2025-12-31,2643,웹소설,에피소드,유이세스,하트퀸,100,43,43,0,0,0,0,0,0,0,0,0,0,0,0,0,0,0
2025-12-31,2659,웹소설,유사연애,김유일,하트퀸,100,1,0,0,0,0,0,1,1,0,0,100,30,0,0,100,30,70
2025-12-31,2775,웹소설,천년애사(蛇),김연서,시계토끼,3400,2,0,0,0,0,0,2,2,0,0,4900,1470,0,0,4900,1470,3430
2025-12-31,3182,웹소설,미드썸머,솧,사막여우,100,2,2,0,0,0,0,0,0,0,0,0,0,0,0,0,0,0
2025-12-31,3184,웹소설,몰락,최강토끼,사막여우,100,2,2,0,0,0,0,0,0,0,0,0,0,0,0,0,0,0
2025-12-31,3190,웹소설,욕심 많은 대공비로 살아 볼까 합니다만,애플97,사막여우,100,2,0,0,0,0,0,2,2,0,0,200,60,0,0,200,60,140
2025-12-31,4801,웹소설,모노크롬 루머,치율,M블루,100,7,7,0,0,0,0,0,0,0,0,0,0,0,0,0,0,0
2025-12-31,4826,웹소설,무림서차원,고든.M,마야마루출판사,100,6,6,0,0,0,0,0,0,0,0,0,0,0,0,0,0,0
2025-12-31,12084,웹소설,메디시스가의 오메가,코네꼬,야간비행,100,2,2,0,0,0,0,0,0,0,0,0,0,0,0,0,0,0
2025-12-31,18617,웹소설,오빠가 해줄게,진숙,하트퀸,100,2,0,0,0,0,0,2,2,0,0,200,60,0,0,200,60,140
2025-12-31,19744,웹소설,너에게 파는 나의 밤 (삽화본),핑캐,해피북스투유,100,3,3,0,0,0,0,0,0,0,0,0,0,0,0,0,0,0
2025-12-31,20362,웹소설,오만한 왕녀와 숲의 괴물들,필밤,시계토끼,100,2,2,0,0,0,0,0,0,0,0,0,0,0,0,0,0,0
2025-12-31,20437,웹소설,황녀의 남편은 셋,필밤,시계토끼,100,1,1,0,0,0,0,0,0,0,0,0,0,0,0,0,0,0
2025-12-31,20489,웹소설,독을 품은 꽃,원소희,동행,100,1,1,0,0,0,0,0,0,0,0,0,0,0,0,0,0,0
합계,,,,,,,41868,2512,0,0,2,0,39354,39354,0,0,6687830,2006349,0,0,6687830,2006349,4681481
